相生	あいおい	Aioi		山陽本線・山陽新幹線	兵庫県	相生市	34.818067	134.473944
相野	あいの	Aino	G64	福知山線	兵庫県	三田市	34.947478	135.156039
藍本	あいもと	Aimoto	G65	福知山線	兵庫県	三田市	34.977011	135.155408
粟生	あお	Ao		加古川線	兵庫県	小野市	34.856944	134.91
青倉	あおくら	Aokura		播但線	兵庫県	朝来市	35.267089	134.811528
青野ケ原	あおのがはら	Aonogahara		加古川線	兵庫県	小野市	34.8972	134.927972
青郷	あおのごう	Aonogō		小浜線	福井県	高浜町	35.481564	135.499728
青野山	あおのやま	Aonoyama		山口線	島根県	津和野町	34.480925	131.803319
青原	あおはら	Aohara		山口線	島根県	津和野町	34.560253	131.800617
青谷	あおや	Aoya		山陰本線	鳥取県	鳥取市	35.516231	133.995722
赤碕	あかさき	Akasaki		山陰本線	鳥取県	琴浦町	35.512342	133.634511
明石	あかし	Akashi	A73	山陽本線	兵庫県	明石市	34.648747	134.993264
英賀保	あがほ	Agaho		山陽本線	兵庫県	姫路市	34.813211	134.644722
上道	あがりみち	Agarimichi		境線	鳥取県	境港市	35.531475	133.230556
阿川	あがわ	Agawa		山陰本線	山口県	下関市	34.335789	130.925858
安芸阿賀	あきあが	Aki-Aga	Y15	呉線	広島県	呉市	34.235778	132.600083
あき亀山	あきかめやま	Aki-Kameyama	B16	可部線	広島県	広島市安佐北区	34.517264	132.4959
安芸川尻	あきかわじり	Aki-Kawajiri	Y19	呉線	広島県	呉市	34.232858	132.691636
安芸幸崎	あきさいざき	Aki-Saizaki	Y29	呉線	広島県	三原市	34.338169	133.039894
安芸津	あきつ	Akitsu	Y23	呉線	広島県	東広島市	34.318353	132.817686
安芸長束	あきながつか	Aki-Nagatsuka	B05	可部線	広島県	広島市安佐南区	34.428769	132.456142
安芸中野	あきなかの	Aki-Nakano	G05	山陽本線	広島県	広島市安芸区	34.391064	132.563286
安芸長浜	あきながはま	Aki-Nagahama	Y27	呉線	広島県	竹原市	34.337917	132.962014
安芸矢口	あきやぐち	Aki-Yaguchi	P04	芸備線	広島県	広島市安佐北区	34.462961	132.495128
厚狭	あさ	Asa		山陽本線・山陽新幹線	山口県	山陽小野田市	34.053278	131.159806
浅香	あさか	Asaka	R27	阪和線	大阪府	堺市堺区	34.584817	135.502436
朝霧	あさぎり	Asagiri	A72	山陽本線	兵庫県	明石市	34.644444	135.0175
浅利	あさり	Asari		山陰本線	島根県	江津市	35.036839	132.274897
安治川口	あじかわぐち	Ajikawaguchi	P15	桜島線	大阪府	大阪市此花区	34.673767	135.4441
阿知須	あじす	Ajisu		宇部線	山口県	山口市	34.010794	131.356825
足立	あしだち	Ashidachi		伯備線	岡山県	新見市	35.038908	133.383636
阿品	あじな	Ajina	R09	山陽本線	広島県	廿日市市	34.323083	132.3143
芦原橋	あしはらばし	Ashiharabashi	O17	大阪環状線	大阪府	大阪市浪速区	34.659206	135.4889
足守	あしもり	Ashimori	U07	吉備線	岡山県	岡山市北区	34.698203	133.802928
芦屋	あしや	Ashiya	A54	東海道本線	兵庫県	芦屋市	34.734242	135.307069
足羽	あすわ	Asuwa		越美北線	福井県	福井市	36.020958	136.253297
安栖里	あせり	Aseri		山陰本線	京都府	京丹波町	35.266203	135.385353
厚保	あつ	Atsu		美祢線	山口県	美祢市	34.114106	131.154539
朝来	あっそ	Asso		紀勢本線	和歌山県	上富田町	33.696217	135.417592
安土	あづち	Azuchi	A18	東海道本線	滋賀県	近江八幡市	35.142644	136.133433
安登	あと	Ato	Y20	呉線	広島県	呉市	34.254278	132.722528
安曇川	あどがわ	Adogawa	B16	湖西線	滋賀県	高島市	35.328625	136.019944
我孫子町	あびこちょう	Abikochō	R25	阪和線	大阪府	大阪市住吉区	34.602097	135.506639
油田	あぶらでん	Aburaden		城端線	富山県	砺波市	36.655047	136.970206
油日	あぶらひ	Aburahi		草津線	滋賀県	甲賀市	34.889589	136.229583
網干	あぼし	Aboshi		山陽本線	兵庫県	姫路市	34.814403	134.584306
尼崎	あまがさき	Amagasaki	A49/G49/H49	東海道本線	兵庫県	尼崎市	34.731633	135.431686
甘地	あまじ	Amaji		播但線	兵庫県	市川町	34.987883	134.758847
雨晴	あまはらし	Amaharashi		氷見線	富山県	高岡市	36.816525	137.037367
余子	あまりこ	Amariko		境線	鳥取県	境港市	35.521094	133.236611
餘部	あまるべ	Amarube		山陰本線	兵庫県	香美町	35.648639	134.556875
綾部	あやべ	Ayabe		山陰本線	京都府	綾部市	35.302058	135.252633
綾羅木	あやらぎ	Ayaragi		山陰本線	山口県	下関市	34.003847	130.926633
荒島	あらしま	Arashima		山陰本線	島根県	安来市	35.431639	133.207472
粟野	あわの	Awano		小浜線	福井県	敦賀市	35.617617	136.026633
芦原温泉	あわらおんせん	Awaraonsen		北陸新幹線	福井県	あわら市	36.214444	136.235
飯井	いい	Ii		山陰本線	山口県	萩市	34.379131	131.295014
飯浦	いいのうら	Iinoura		山陰本線	島根県	益田市	34.668906	131.702103
伊賀上野	いがうえの	Iga-Ueno		関西本線	三重県	伊賀市	34.789042	136.123586
伊上	いがみ	Igami		山陰本線	山口県	長門市	34.370442	131.011283
生野	いくの	Ikuno		播但線	兵庫県	朝来市	35.163217	134.789303
生野屋	いくのや	Ikunoya		岩徳線	山口県	下松市	34.035406	131.887167
居組	いぐみ	Igumi		山陰本線	兵庫県	新温泉町	35.606839	134.393383
井倉	いくら	Ikura	V16	伯備線	岡山県	新見市	34.931669	133.51635
石原	いさ	Isa		山陰本線	京都府	福知山市	35.301044	135.180847
石蟹	いしが	Ishiga	V17	伯備線	岡山県	新見市	34.954592	133.479425
石部	いしべ	Ishibe		草津線	滋賀県	湖南市	35.017664	136.052989
石山	いしやま	Ishiyama	A27	東海道本線	滋賀県	大津市	34.979939	135.900247
和泉砂川	いずみすながわ	Izumi-Sunagawa	R48	阪和線	大阪府	泉南市	34.360767	135.281686
和泉鳥取	いずみとっとり	Izumi-Tottori	R49	阪和線	大阪府	阪南市	34.342078	135.262936
和泉橋本	いずみはしもと	Izumi-Hashimoto	R42	阪和線	大阪府	貝塚市	34.427503	135.358919
和泉府中	いずみふちゅう	Izumi-Fuchū	R37	阪和線	大阪府	和泉市	34.488486	135.424514
出雲坂根	いずもさかね	Izumo-Sakane		木次線	島根県	奥出雲町	35.102317	133.120725
出雲市	いずもし	Izumoshi		山陰本線	島根県	出雲市	35.360697	132.756517
出雲神西	いずもじんざい	Izumo-Jinzai		山陰本線	島根県	出雲市	35.325561	132.702978
出雲大東	いずもだいとう	Izumo-Daitō		木次線	島根県	雲南市	35.325258	132.957975
出雲三成	いずもみなり	Izumo-Minari		木次線	島根県	奥出雲町	35.196542	133.009844
出雲八代	いずもやしろ	Izumo-Yashiro		木次線	島根県	奥出雲町	35.227283	133.001417
出雲横田	いずもよこた	Izumo-Yokota		木次線	島根県	奥出雲町	35.177456	133.092461
石生	いそう	Isō		福知山線	兵庫県	丹波市	35.152853	135.063917
五十猛	いそたけ	Isotake		山陰本線	島根県	大田市	35.192897	132.440889
伊丹	いたみ	Itami	G52	福知山線	兵庫県	伊丹市	34.780633	135.421664
板持	いたもち	Itamochi		美祢線	山口県	長門市	34.353378	131.176517
市岡	いちおか	Ichioka		芸備線	岡山県	新見市	34.966222	133.34675
市島	いちじま	Ichijima		福知山線	兵庫県	丹波市	35.207867	135.130197
一乗谷	いちじょうだに	Ichijōdani		越美北線	福井県	福井市	36.013836	136.297464
市波	いちなみ	Ichinami		越美北線	福井県	福井市	36.019789	136.330583
櫟本	いちのもと	Ichinomoto		桜井線	奈良県	天理市	34.621067	135.826306
市場	いちば	Ichiba		加古川線	兵庫県	小野市	34.819556	134.9325
五日市	いつかいち	Itsukaichi	R06	山陽本線	広島県	広島市佐伯区	34.366917	132.368136
糸魚川	いといがわ	Itoigawa		大糸線・北陸新幹線	新潟県	糸魚川市	37.043614	137.861339
糸崎	いとざき	Itozaki	G16/X19	山陽本線	広島県	三原市	34.392428	133.104317
稲枝	いなえ	Inae	A16	東海道本線	滋賀県	彦根市	35.203228	136.194417
猪名寺	いなでら	Inadera	G51	福知山線	兵庫県	尼崎市	34.764086	135.422611
因幡社	いなばやしろ	Inaba-Yashiro		因美線	鳥取県	鳥取市	35.3125	134.196636
稲原	いなはら	Inahara		紀勢本線	和歌山県	印南町	33.852781	135.229739
印南	いなみ	Inami		紀勢本線	和歌山県	印南町	33.81805	135.219772
稲荷	いなり	Inari	D03	奈良線	京都府	京都市伏見区	34.966833	135.77085
居能	いのう	Inō		宇部線	山口県	宇部市	33.967061	131.228161
猪谷	いのたに	Inotani		高山本線	富山県	富山市	36.471711	137.238067
井原市	いばらいち	Ibaraichi		芸備線	広島県	広島市安佐北区	34.585283	132.67575
茨木	いばらき	Ibaraki	A41	東海道本線	大阪府	茨木市	34.815353	135.562244
今宮	いまみや	Imamiya	O18/Q18	関西本線	大阪府	大阪市浪速区	34.654178	135.493042
揖屋	いや	Iya		山陰本線	島根県	松江市	35.428111	133.149389
伊里	いり	Iri	N14	赤穂線	岡山県	備前市	34.741539	134.224464
岩国	いわくに	Iwakuni	R16	山陽本線	山口県	岩国市	34.171858	132.225639
岩倉	いわくら	Iwakura		宇部線	山口県	山口市	34.023431	131.359978
岩代	いわしろ	Iwashiro		紀勢本線	和歌山県	みなべ町	33.780486	135.279261
岩田	いわた	Iwata		山陽本線	山口県	光市	33.981625	131.995286
岩出	いわで	Iwade		和歌山線	和歌山県	岩出市	34.254861	135.321067
岩鼻	いわはな	Iwahana		宇部線	山口県	宇部市	33.978614	131.225414
岩美	いわみ	Iwami		山陰本線	鳥取県	岩美町	35.574278	134.335478
石見津田	いわみつだ	Iwami-Tsuda		山陰本線	島根県	益田市	34.722728	131.864608
石見福光	いわみふくみつ	Iwami-Fukumitsu		山陰本線	島根県	大田市	35.076483	132.329069
石見横田	いわみよこた	Iwami-Yokota		山口線	島根県	益田市	34.618014	131.804528
岩山	いわやま	Iwayama		姫新線	岡山県	新見市	35.022767	133.512592
院庄	いんのしょう	Innoshō		姫新線	岡山県	津山市	35.059047	133.957356
伊部	いんべ	Imbe	N11	赤穂線	岡山県	備前市	34.738769	134.160575
上野芝	うえのしば	Uenoshiba	R31	阪和線	大阪府	堺市西区	34.549847	135.478539
植松	うえまつ	Uematsu	M09	本四備讃線	岡山県	岡山市南区	34.551319	133.828025
魚住	うおずみ	Uozumi	A76	山陽本線	兵庫県	明石市	34.696486	134.905975
鵜飼	うかい	Ukai		福塩線	広島県	府中市	34.567878	133.244681
宇賀本郷	うかほんごう	Ukahongō		山陰本線	山口県	下関市	34.227425	130.927558
宇久井	うくい	Ukui		紀勢本線	和歌山県	那智勝浦町	33.662592	135.972492
宇治	うじ	Uji	D09	奈良線	京都府	宇治市	34.890403	135.800608
牛ケ原	うしがはら	Ushigahara		越美北線	福井県	大野市	35.998628	136.467692
太秦	うずまさ	Uzumasa	E07	山陰本線	京都府	京都市右京区	35.017089	135.701306
宇田郷	うたごう	Utagō		山陰本線	山口県	阿武町	34.571906	131.548847
打田	うちた	Uchita		和歌山線	和歌山県	紀の川市	34.265306	135.364056
内名	うちな	Uchina		芸備線	広島県	庄原市	34.964928	133.231964
有年	うね	Une		山陽本線	兵庫県	赤穂市	34.829114	134.395964
畝傍	うねび	Unebi		桜井線	奈良県	橿原市	34.508369	135.793686
宇野	うの	Uno	L15	宇野線	岡山県	玉野市	34.494503	133.953878
宇野気	うのけ	Unoke		七尾線	石川県	かほく市	36.722817	136.703014
宇部	うべ	Ube		山陽本線	山口県	宇部市	34.003025	131.221733
宇部新川	うべしんかわ	Ube-Shinkawa		宇部線	山口県	宇部市	33.958369	131.242478
宇部岬	うべみさき	Ubemisaki		宇部線	山口県	宇部市	33.934667	131.26215
馬堀	うまほり	Umahori	E10	山陰本線	京都府	亀岡市	35.010586	135.602325
梅ケ峠	うめがとう	Umegatō		山陰本線	山口県	下関市	34.101689	130.900272
梅小路京都西	うめこうじきょうとにし	Umekōji-Kyōtonishi	E02	山陰本線	京都府	京都市下京区	34.988778	135.743167
梅迫	うめざこ	Umezako		舞鶴線	京都府	綾部市	35.348592	135.311114
敬川	うやがわ	Uyagawa		山陰本線	島根県	江津市	34.977778	132.173961
浦安	うらやす	Urayasu		山陰本線	鳥取県	琴浦町	35.499667	133.693361
駅家	えきや	Ekiya		福塩線	広島県	福山市	34.549078	133.325886
江崎	えさき	Esaki		山陰本線	山口県	萩市	34.638147	131.661906
江住	えすみ	Esumi		紀勢本線	和歌山県	すさみ町	33.509542	135.603353
越前大野	えちぜんおおの	Echizen-Ōno		越美北線	福井県	大野市	35.983014	136.496886
越前大宮	えちぜんおおみや	Echizen-Ōmiya		越美北線	福井県	福井市	36.000131	136.409825
越前下山	えちぜんしもやま	Echizen-Shimoyama		越美北線	福井県	大野市	35.920486	136.634975
越前高田	えちぜんたかだ	Echizen-Takada		越美北線	福井県	福井市	36.024797	136.318792
越前たけふ	えちぜんたけふ	Echizen-Takefu		北陸新幹線	福井県	越前市	35.895639	136.198806
越前田野	えちぜんたの	Echizen-Tano		越美北線	福井県	大野市	35.98705	136.526683
越前東郷	えちぜんとうごう	Echizen-Tōgō		越美北線	福井県	福井市	36.018153	136.274022
越前富田	えちぜんとみだ	Echizen-Tomida		越美北線	福井県	大野市	35.991233	136.541181
越前花堂	えちぜんはなんどう	Echizen-Hanandō		越美北線	福井県	福井市	36.038889	136.218056
越前薬師	えちぜんやくし	Echizen-Yakushi		越美北線	福井県	福井市	36.005317	136.384261
越中国分	えっちゅうこくぶ	Etchū-Kokubu		氷見線	富山県	高岡市	36.805333	137.05065
越中中川	えっちゅうなかがわ	Etchū-Nakagawa		氷見線	富山県	高岡市	36.749619	137.027708
越中八尾	えっちゅうやつお	Etchū-Yatsuo		高山本線	富山県	富山市	36.591364	137.138456
越中山田	えっちゅうやまだ	Etchū-Yamada		城端線	富山県	南砺市	36.538486	136.887797
江原	えばら	Ebara		山陰本線	兵庫県	豊岡市	35.469461	134.7758
江尾	えび	Ebi		伯備線	鳥取県	江府町	35.283044	133.484836
海老江	えびえ	Ebie	H46	JR東西線	大阪府	大阪市福島区	34.695439	135.473275
円町	えんまち	Emmachi	E05	山陰本線	京都府	京都市中京区	35.018186	135.730339
王寺	おうじ	Ōji	Q31	関西本線	奈良県	王寺町	34.597431	135.703956
黄檗	おうばく	Ōbaku	D08	奈良線	京都府	宇治市	34.91275	135.803722
近江今津	おうみいまづ	Ōmi-Imazu	B14	湖西線	滋賀県	高島市	35.398603	136.032272
近江塩津	おうみしおつ	Ōmi-Shiotsu	A03/B10	北陸本線	滋賀県	長浜市	35.539639	136.151344
近江高島	おうみたかしま	Ōmi-Takashima	B17	湖西線	滋賀県	高島市	35.292631	136.010383
近江中庄	おうみなかしょう	Ōmi-Nakashō	B13	湖西線	滋賀県	高島市	35.441647	136.038419
近江八幡	おうみはちまん	Ōmi-Hachiman	A19	東海道本線	滋賀県	近江八幡市	35.122878	136.102753
近江舞子	おうみまいこ	Ōmi-Maiko	B19	湖西線	滋賀県	大津市	35.236025	135.959078
太市	おおいち	Ōichi		姫新線	兵庫県	姫路市	34.864072	134.607114
大岩	おおいわ	Ōiwa		山陰本線	鳥取県	岩美町	35.566933	134.308461
大河内	おおかわち	Ōkawachi		岩徳線	山口県	周南市	34.030975	131.934139
大河原	おおかわら	Ōkawara		関西本線	京都府	南山城村	34.771733	135.987647
大久保	おおくぼ	Ōkubo	A75	山陽本線	兵庫県	明石市	34.682292	134.938856
大阪	おおさか	Ōsaka	A47/G47/O11/F01	東海道本線	大阪府	大阪市北区	34.701889	135.494972
大阪城北詰	おおさかじょうきたづめ	Ōsakajōkitazume	H42	JR東西線	大阪府	大阪市都島区	34.694283	135.525536
大阪城公園	おおさかじょうこうえん	Ōsakajōkōen	O07	大阪環状線	大阪府	大阪市中央区	34.688578	135.534481
大阪天満宮	おおさかてんまんぐう	Ōsakatemmangū	H43	JR東西線	大阪府	大阪市北区	34.697406	135.513442
大篠津町	おおしのづちょう	Ōshinozuchō		境線	鳥取県	米子市	35.489083	133.255972
大住	おおすみ	Ōsumi	H25	片町線	京都府	京田辺市	34.830686	135.749389
大竹	おおたけ	Ōtake	R14	山陽本線	広島県	大竹市	34.217886	132.223064
大田市	おおだし	Ōdashi		山陰本線	島根県	大田市	35.200906	132.499606
大谷	おおたに	Ōtani		和歌山線	和歌山県	かつらぎ町	34.298761	135.49415
大多羅	おおだら	Ōdara	N05	赤穂線	岡山県	岡山市東区	34.665644	134.006286
大津	おおつ	Ōtsu	A29	東海道本線	滋賀県	大津市	35.002972	135.864897
大津京	おおつきょう	Ōtsukyō	B29	湖西線	滋賀県	大津市	35.024128	135.856992
大歳	おおとし	Ōtoshi		山口線	山口県	山口市	34.147294	131.433064
大鳥羽	おおとば	Ōtoba		小浜線	福井県	若狭町	35.504692	135.866981
大富	おおどみ	Ōdomi	N07	赤穂線	岡山県	瀬戸内市	34.661403	134.070778
鳳	おおとり	Ōtori	R33	阪和線	大阪府	堺市西区	34.532131	135.458864
大野浦	おおのうら	Ōnoura	R12	山陽本線	広島県	廿日市市	34.284836	132.265569
大乗	おおのり	Ōnori	Y26	呉線	広島県	竹原市	34.340606	132.945464
大畠	おおばたけ	Ōbatake		山陽本線	山口県	柳井市	33.963389	132.180753
大町	おおまち	Ōmachi	B08	可部線	広島県	広島市安佐南区	34.46115	132.470564
大元	おおもと	Ōmoto	L02/M02	宇野線	岡山県	岡山市北区	34.647422	133.91075
岡見	おかみ	Okami		山陰本線	島根県	浜田市	34.771794	131.913214
岡山	おかやま	Okayama	L01/M01/N01/S01/U01/V01/W01	山陽本線・山陽新幹線	岡山県	岡山市北区	34.666369	133.918589
邑久	おく	Oku	N08	赤穂線	岡山県	瀬戸内市	34.668528	134.091167
おごと温泉	おごとおんせん	Ogotoonsen	B26	湖西線	滋賀県	大津市	35.097136	135.894922
刑部	おさかべ	Osakabe		姫新線	岡山県	新見市	35.076189	133.565769
長船	おさふね	Osafune	N09	赤穂線	岡山県	瀬戸内市	34.699853	134.098972
小田	おだ	Oda		山陰本線	島根県	出雲市	35.284581	132.629578
小月	おづき	Ozuki		山陽本線	山口県	下関市	34.068072	131.032806
小奴可	おぬか	Onuka		芸備線	広島県	庄原市	34.994586	133.211181
小野	おの	Ono	B24	湖西線	滋賀県	大津市	35.138886	135.922542
小野田	おのだ	Onoda		山陽本線	山口県	山陽小野田市	34.007633	131.185278
小野田港	おのだこう	Onodakō		小野田線	山口県	山陽小野田市	33.972	131.175147
小野町	おのまち	Onomachi		加古川線	兵庫県	小野市	34.833783	134.918272
尾道	おのみち	Onomichi	X18	山陽本線	広島県	尾道市	34.404833	133.193667
小浜	おばま	Obama		小浜線	福井県	小浜市	35.491747	135.745439
小原	おばら	Obara		津山線	岡山県	美咲町	34.968281	133.962039
帯解	おびとけ	Obitoke		桜井線	奈良県	奈良市	34.643433	135.826381
於福	おふく	Ofuku		美祢線	山口県	美祢市	34.236361	131.208
折居	おりい	Orii		山陰本線	島根県	浜田市	34.826397	131.9869
海田市	かいたいち	Kaitaichi	G04/Y04	山陽本線	広島県	海田町	34.372089	132.530542
海南	かいなん	Kainan		紀勢本線	和歌山県	海南市	34.154331	135.214406
柏原	かいばら	Kaibara		福知山線	兵庫県	丹波市	35.127244	135.0773
加賀温泉	かがおんせん	Kagaonsen		北陸新幹線	石川県	加賀市	36.320328	136.350492
香登	かがと	Kagato	N10	赤穂線	岡山県	備前市	34.727789	134.1196
嘉川	かがわ	Kagawa		山陽本線	山口県	山口市	34.066194	131.370075
柿ケ島	かきがしま	Kakigashima		越美北線	福井県	大野市	35.972572	136.570764
香久山	かぐやま	Kaguyama		桜井線	奈良県	橿原市	34.510797	135.825097
加古川	かこがわ	Kakogawa	A79	山陽本線	兵庫県	加古川市	34.767842	134.839414
笠岡	かさおか	Kasaoka	W11	山陽本線	岡山県	笠岡市	34.505	133.504833
笠置	かさぎ	Kasagi		関西本線	京都府	笠置町	34.759086	135.934289
風早	かざはや	Kazahaya	Y22	呉線	広島県	東広島市	34.303258	132.795894
梶栗郷台地	かじくりごうだいち	Kajikuri-Gōdaichi		山陰本線	山口県	下関市	34.014058	130.923583
梶田	かじた	Kajita		福塩線	広島県	三次市	34.711008	133.058775
香芝	かしば	Kashiba		和歌山線	奈良県	香芝市	34.543139	135.705767
加島	かしま	Kashima	H48	JR東西線	大阪府	大阪市淀川区	34.727497	135.454183
柏原	かしわら	Kashiwara	Q27	関西本線	大阪府	柏原市	34.586764	135.623261
香住	かすみ	Kasumi		山陰本線	兵庫県	香美町	35.635661	134.623067
笠田	かせだ	Kaseda		和歌山線	和歌山県	かつらぎ町	34.292158	135.480286
堅田	かたた	Katata	B25	湖西線	滋賀県	大津市	35.120825	135.915003
勝間	かつま	Katsuma		岩徳線	山口県	周南市	34.042025	131.954008
勝間田	かつまだ	Katsumada		姫新線	岡山県	勝央町	35.035889	134.118983
桂川	かつらがわ	Katsuragawa	A33	東海道本線	京都府	京都市南区	34.964503	135.710378
加斗	かと	Kato		小浜線	福井県	小浜市	35.480725	135.665692
勝原	かどはら	Kadohara		越美北線	福井県	大野市	35.967528	136.597261
金川	かながわ	Kanagawa		津山線	岡山県	岡山市北区	34.792111	133.933889
金沢	かなざわ	Kanazawa		北陸新幹線	石川県	金沢市	36.578278	136.64775
金橋	かなはし	Kanahashi		桜井線	奈良県	橿原市	34.509639	135.765289
金丸	かねまる	Kanemaru		七尾線	石川県	中能登町	36.943486	136.836306
加太	かぶと	Kabuto		関西本線	三重県	亀山市	34.842525	136.340289
可部	かべ	Kabe	B14	可部線	広島県	広島市安佐北区	34.512728	132.510711
鎌手	かまて	Kamate		山陰本線	島根県	益田市	34.751706	131.8783
加美	かみ	Kami	Q23	関西本線	大阪府	大阪市平野区	34.626822	135.567242
上石見	かみいわみ	Kami-Iwami		伯備線	鳥取県	日南町	35.112503	133.351586
上嘉川	かみかがわ	Kami-Kagawa		宇部線	山口県	山口市	34.073694	131.379025
上川口	かみかわぐち	Kami-Kawaguchi		山陰本線	京都府	福知山市	35.329597	135.073028
上川立	かみかわたち	Kami-Kawatachi		芸備線	広島県	三次市	34.725372	132.784872
上郷	かみごう	Kamigō		山口線	山口県	山口市	34.116328	131.401819
上郡	かみごおり	Kamigōri		山陽本線	兵庫県	上郡町	34.865917	134.354269
上狛	かみこま	Kamikoma	D18	奈良線	京都府	木津川市	34.750489	135.821083
神杉	かみすぎ	Kamisugi		芸備線	広島県	三次市	34.781028	132.902561
上菅	かみすげ	Kamisuge		伯備線	鳥取県	日野町	35.193517	133.341781
上戸手	かみとで	Kami-Tode		福塩線	広島県	福山市	34.551656	133.281886
上中	かみなか	Kaminaka		小浜線	福井県	若狭町	35.463614	135.855658
上の町	かみのちょう	Kaminochō	M11	本四備讃線	岡山県	倉敷市	34.490653	133.81515
上深川	かみふかわ	Kami-Fukawa	P08	芸備線	広島県	広島市安佐北区	34.475972	132.562364
上三田	かみみた	Kami-Mita		芸備線	広島県	広島市安佐北区	34.538839	132.644144
上八木	かみやぎ	Kamiyagi	B12	可部線	広島県	広島市安佐南区	34.490086	132.506183
上夜久野	かみやくの	Kami-Yakuno		山陰本線	京都府	福知山市	35.341819	134.931719
上山口	かみやまぐち	Kami-Yamaguchi		山口線	山口県	山口市	34.182392	131.484739
亀岡	かめおか	Kameoka	E11	山陰本線	京都府	亀岡市	35.0167	135.582439
亀嵩	かめだけ	Kamedake		木次線	島根県	奥出雲町	35.206308	133.052722
亀甲	かめのこう	Kamenokō		津山線	岡山県	美咲町	34.998747	133.959078
亀山	かめやま	Kameyama		関西本線	三重県	亀山市	34.850378	136.449853
加茂	かも	Kamo	Q39	関西本線	京都府	木津川市	34.752711	135.869797
鴨方	かもがた	Kamogata	W09	山陽本線	岡山県	浅口市	34.527444	133.587722
加茂郷	かもごう	Kamogō		紀勢本線	和歌山県	海南市	34.125775	135.159975
加茂中	かもなか	Kamonaka		木次線	島根県	雲南市	35.344106	132.910522
唐崎	からさき	Karasaki	B28	湖西線	滋賀県	大津市	35.049806	135.8669
狩留家	かるが	Karuga	P09	芸備線	広島県	広島市安佐北区	34.486797	132.578922
かるが浜	かるがはま	Karugahama	Y11	呉線	広島県	呉市	34.264342	132.516839
河合西	かわいにし	Kawainishi		加古川線	兵庫県	小野市	34.879228	134.919539
河毛	かわけ	Kawake	A06	北陸本線	滋賀県	長浜市	35.448425	136.249519
河佐	かわさ	Kawasa		福塩線	広島県	府中市	34.589969	133.167081
河崎口	かわさきぐち	Kawasakiguchi		境線	鳥取県	米子市	35.456756	133.305508
河瀬	かわせ	Kawase	A15	東海道本線	滋賀県	彦根市	35.225192	136.225039
川棚温泉	かわたなおんせん	Kawatanaonsen		山陰本線	山口県	下関市	34.146406	130.922419
河内磐船	かわちいわふね	Kawachi-Iwafune	H30	片町線	大阪府	交野市	34.776328	135.684517
河内堅上	かわちかたかみ	Kawachi-Katakami	Q29	関西本線	大阪府	柏原市	34.573997	135.662889
川西	かわにし	Kawanishi		岩徳線	山口県	岩国市	34.156656	132.177372
川西池田	かわにしいけだ	Kawanishi-Ikeda	G54	福知山線	兵庫県	川西市	34.824964	135.409906
河原	かわはら	Kawahara		因美線	鳥取県	八頭町	35.3978	134.222614
川原石	かわらいし	Kawaraishi	Y13	呉線	広島県	呉市	34.248664	132.541492
関西空港	かんさいくうこう	Kansai-airport	S47	関西空港線	大阪府	田尻町	34.435911	135.243492
神辺	かんなべ	Kannabe		福塩線	広島県	福山市	34.537114	133.378733
神野	かんの	Kanno		加古川線	兵庫県	加古川市	34.790917	134.878978
紀伊	きい	Kii	R51	阪和線	和歌山県	和歌山市	34.269153	135.246703
紀伊有田	きいありた	Kii-Arita		紀勢本線	和歌山県	串本町	33.490864	135.736178
紀伊内原	きいうちはら	Kii-Uchihara		紀勢本線	和歌山県	日高町	33.925961	135.145183
紀伊浦神	きいうらがみ	Kii-Uragami		紀勢本線	和歌山県	那智勝浦町	33.560342	135.893861
紀伊小倉	きいおぐら	Kii-Ogura		和歌山線	和歌山県	和歌山市	34.246325	135.28705
紀伊勝浦	きいかつうら	Kii-Katsuura		紀勢本線	和歌山県	那智勝浦町	33.628133	135.941811
紀伊佐野	きいさの	Kii-Sano		紀勢本線	和歌山県	新宮市	33.680006	135.9708
紀伊新庄	きいしんじょう	Kii-Shinjō		紀勢本線	和歌山県	田辺市	33.721069	135.402094
紀伊田辺	きいたなべ	Kii-Tanabe		紀勢本線	和歌山県	田辺市	33.733072	135.384178
紀伊田原	きいたはら	Kii-Tahara		紀勢本線	和歌山県	串本町	33.536542	135.868219
紀伊天満	きいてんま	Kii-Temma		紀勢本線	和歌山県	那智勝浦町	33.636703	135.934583
紀伊富田	きいとんだ	Kii-Tonda		紀勢本線	和歌山県	白浜町	33.652761	135.393392
紀伊長田	きいながた	Kii-Nagata		和歌山線	和歌山県	紀の川市	34.268175	135.390981
紀伊中ノ島	きいなかのしま	Kii-Nakanoshima	R53	阪和線	和歌山県	和歌山市	34.242478	135.189489
紀伊日置	きいひき	Kii-Hiki		紀勢本線	和歌山県	白浜町	33.585028	135.458025
紀伊姫	きいひめ	Kii-Hime		紀勢本線	和歌山県	串本町	33.497833	135.79645
紀伊宮原	きいみやはら	Kii-Miyahara		紀勢本線	和歌山県	有田市	34.077775	135.170636
紀伊山田	きいやまだ	Kii-Yamada		和歌山線	和歌山県	橋本市	34.313	135.584039
紀伊由良	きいゆら	Kii-Yura		紀勢本線	和歌山県	由良町	33.969136	135.128311
吉舎	きさ	Kisa		福塩線	広島県	三次市	34.727628	132.990772
岸辺	きしべ	Kishibe	A43	東海道本線	大阪府	吹田市	34.776814	135.541622
岸本	きしもと	Kishimoto		伯備線	鳥取県	伯耆町	35.386997	133.409686
木次	きすき	Kisuki		木次線	島根県	雲南市	35.29465	132.90195
衣摺加美北	きずりかみきた	Kizuri-Kamikita	F13	おおさか東線	大阪府	東大阪市	34.638333	135.567028
北伊丹	きたいたみ	Kita-Itami	G53	福知山線	兵庫県	伊丹市	34.801356	135.419347
北宇智	きたうち	Kitauchi		和歌山線	奈良県	五條市	34.382611	135.714306
北大野	きたおおの	Kita-Ōno		越美北線	福井県	大野市	35.997953	136.487958
北小谷	きたおたり	Kita-Otari		大糸線	長野県	小谷村	36.842586	137.906378
北小松	きたこまつ	Kitakomatsu	B18	湖西線	滋賀県	大津市	35.253747	135.970681
北信太	きたしのだ	Kita-Shinoda	R35	阪和線	大阪府	和泉市	34.509975	135.441153
北新地	きたしんち	Kitashinchi	H44	JR東西線	大阪府	大阪市北区	34.698322	135.497036
北長瀬	きたながせ	Kita-Nagase	V02/W02	山陽本線	岡山県	岡山市北区	34.653033	133.885519
木津	きづ	Kizu	D19/H18/Q38	関西本線	京都府	木津川市	34.735942	135.824919
城崎温泉	きのさきおんせん	Kinosakionsen		山陰本線	兵庫県	豊岡市	35.623764	134.813436
木ノ本	きのもと	Kinomoto	A05	北陸本線	滋賀県	長浜市	35.506256	136.221628
木野山	きのやま	Kinoyama	V13	伯備線	岡山県	高梁市	34.825611	133.614783
吉備津	きびつ	Kibitsu	U05	吉備線	岡山県	岡山市北区	34.674342	133.846033
貴生川	きぶかわ	Kibukawa		草津線	滋賀県	甲賀市	34.952106	136.153933
来待	きまち	Kimachi		山陰本線	島根県	松江市	35.42075	132.951556
木見	きみ	Kimi	M10	本四備讃線	岡山県	倉敷市	34.527667	133.823658
紀三井寺	きみいでら	Kimiidera		紀勢本線	和歌山県	和歌山市	34.188203	135.187622
気山	きやま	Kiyama		小浜線	福井県	若狭町	35.584675	135.909558
久宝寺	きゅうほうじ	Kyūhōji	F15/Q24	関西本線	大阪府	八尾市	34.62235	135.584331
木与	きよ	Kiyo		山陰本線	山口県	阿武町	34.532886	131.503411
京口	きょうぐち	Kyōguchi		播但線	兵庫県	姫路市	34.833958	134.705094
京田辺	きょうたなべ	Kyōtanabe	H24	片町線	京都府	京田辺市	34.820778	135.768844
京都	きょうと	Kyōto	A31/B31/D01/E01	東海道本線	京都府	京都市下京区	34.985458	135.757756
京橋	きょうばし	Kyōbashi	H41/O08	大阪環状線	大阪府	大阪市城東区	34.695997	135.5347
京終	きょうばて	Kyōbate		桜井線	奈良県	奈良市	34.669856	135.828828
清音	きよね	Kiyone	V06	伯備線	岡山県	総社市	34.643644	133.733328
切目	きりめ	Kirime		紀勢本線	和歌山県	印南町	33.797067	135.241008
岐波	きわ	Kiwa		宇部線	山口県	宇部市	33.990239	131.347925
紀和	きわ	Kiwa		紀勢本線	和歌山県	和歌山市	34.242	135.180639
黄波戸	きわど	Kiwado		山陰本線	山口県	長門市	34.385297	131.139806
欽明路	きんめいじ	Kimmeiji		岩徳線	山口県	岩国市	34.104197	132.101503
玖珂	くが	Kuga		岩徳線	山口県	岩国市	34.097075	132.082175
久々原	くぐはら	Kuguhara	L07/M07	宇野線	岡山県	早島町	34.592164	133.827925
久下村	くげむら	Kugemura		加古川線	兵庫県	丹波市	35.075517	135.030369
草江	くさえ	Kusae		宇部線	山口県	宇部市	33.936714	131.274197
草津	くさつ	Kusatsu	A24	東海道本線	滋賀県	草津市	35.022914	135.962744
草野	くさの	Kusano	G66	福知山線	兵庫県	丹波篠山市	34.996914	135.152292
櫛ケ浜	くしがはま	Kushigahama		山陽本線	山口県	周南市	34.031203	131.828675
串本	くしもと	Kushimoto		紀勢本線	和歌山県	串本町	33.475483	135.781911
久代	くしろ	Kushiro		山陰本線	島根県	浜田市	34.949589	132.139156
九頭竜湖	くずりゅうこ	Kuzuryūko		越美北線	福井県	大野市	35.9045	136.661697
久世	くせ	Kuse		姫新線	岡山県	真庭市	35.080833	133.745367
久谷	くたに	Kutani		山陰本線	兵庫県	新温泉町	35.627614	134.516668
下松	くだまつ	Kudamatsu		山陽本線	山口県	下松市	34.00875	131.867972
久手	くて	Kute		山陰本線	島根県	大田市	35.229494	132.508194
国英	くにふさ	Kunifusa		因美線	鳥取県	鳥取市	35.373011	134.217733
玖波	くば	Kuba	R13	山陽本線	広島県	大竹市	34.254986	132.227925
頸城大野	くびきおおの	Kubiki-Ōno		大糸線	新潟県	糸魚川市	37.006072	137.872467
熊取	くまとり	Kumatori	R44	阪和線	大阪府	熊取町	34.406581	135.341336
熊山	くまやま	Kumayama	S08	山陽本線	岡山県	赤磐市	34.783486	134.109264
玖村	くむら	Kumura	P05	芸備線	広島県	広島市安佐北区	34.482194	132.508222
久米田	くめだ	Kumeda	R38	阪和線	大阪府	岸和田市	34.4655	135.4055
倉敷	くらしき	Kurashiki	V05/W05	山陽本線	岡山県	倉敷市	34.602069	133.765675
倉吉	くらよし	Kurayoshi		山陰本線	鳥取県	倉吉市	35.454572	133.849539
呉	くれ	Kure	Y14	呉線	広島県	呉市	34.2448	132.557656
呉ポートピア	くれぽーとぴあ	Kure-portpia	Y09	呉線	広島県	呉市	34.291936	132.512711
黒井	くろい	Kuroi		福知山線	兵庫県	丹波市	35.168678	135.097233
黒井村	くろいむら	Kuroimura		山陰本線	山口県	下関市	34.127603	130.912322
黒江	くろえ	Kuroe		紀勢本線	和歌山県	海南市	34.170108	135.210253
黒坂	くろさか	Kurosaka		伯備線	鳥取県	日野町	35.206497	133.383503
黒田庄	くろだしょう	Kurodashō		加古川線	兵庫県	西脇市	35.022578	134.992428
黒部宇奈月温泉	くろべうなづきおんせん	Kurobe-Unazukionsen		北陸新幹線	富山県	黒部市	36.874028	137.481139
黒松	くろまつ	Kuromatsu		山陰本線	島根県	江津市	35.056489	132.313222
玄武洞	げんぶどう	Gembudō		山陰本線	兵庫県	豊岡市	35.58865	134.799303
甲賀	こうか	Kōka		草津線	滋賀県	甲賀市	34.901336	136.212664
豪渓	ごうけい	Gōkei	V08	伯備線	岡山県	総社市	34.706408	133.722525
甲子園口	こうしえんぐち	Kōshienguchi	A51	東海道本線	兵庫県	西宮市	34.738953	135.374703
神代	こうじろ	Kōjiro		山陽本線	山口県	岩国市	33.998611	132.208686
甲西	こうせい	Kōsei		草津線	滋賀県	湖南市	35.000636	136.082381
甲立	こうたち	Kōtachi		芸備線	広島県	安芸高田市	34.692611	132.759992
河内	こうち	Kōchi	G14	山陽本線	広島県	東広島市	34.469242	132.890117
江津	ごうつ	Gōtsu		山陰本線	島根県	江津市	35.012786	132.223208
上月	こうづき	Kōzuki		姫新線	兵庫県	佐用町	34.983511	134.322472
河戸帆待川	こうどほまちがわ	Kōdo-Homachigawa	B15	可部線	広島県	広島市安佐北区	34.5167	132.505003
江南	こうなん	Kōnan		山陰本線	島根県	出雲市	35.315489	132.683586
甲南	こうなん	Kōnan		草津線	滋賀県	甲賀市	34.931156	136.169431
甲南山手	こうなんやまて	Kōnan-Yamate	A55	東海道本線	兵庫県	神戸市東灘区	34.730583	135.292425
甲奴	こうぬ	Kōnu		福塩線	広島県	三次市	34.703633	133.081314
鴻池新田	こうのいけしんでん	Kōnoikeshinden	H37	片町線	大阪府	東大阪市	34.698817	135.597778
神戸	こうべ	Kōbe	A63	東海道本線	兵庫県	神戸市中央区	34.679528	135.178025
神目	こうめ	Kōme		津山線	岡山県	久米南町	34.896169	133.935164
高野口	こうやぐち	Kōyaguchi		和歌山線	和歌山県	橋本市	34.307528	135.557222
香呂	こうろ	Kōro		播但線	兵庫県	姫路市	34.911211	134.735969
郡家	こおげ	Kōge		因美線	鳥取県	八頭町	35.413247	134.251311
郡山	こおりやま	Kōriyama	Q34	関西本線	奈良県	大和郡山市	34.648081	135.790392
粉河	こかわ	Kokawa		和歌山線	和歌山県	紀の川市	34.270864	135.404308
小串	こぐし	Kogushi		山陰本線	山口県	下関市	34.169703	130.927967
国府	こくふ	Kokufu		山陰本線	兵庫県	豊岡市	35.496433	134.800186
小倉	こくら	Kokura		山陽新幹線	福岡県	北九州市小倉北区	33.88675	130.882667
古座	こざ	Koza		紀勢本線	和歌山県	串本町	33.519267	135.820917
越ケ浜	こしがはま	Koshigahama		山陰本線	山口県	萩市	34.438986	131.422528
児島	こじま	Kojima	M12	本四備讃線	岡山県	倉敷市	34.462561	133.807808
五条	ごじょう	Gojō		和歌山線	奈良県	五條市	34.355617	135.698867
御所	ごせ	Gose		和歌山線	奈良県	御所市	34.464617	135.733964
小滝	こたき	Kotaki		大糸線	新潟県	糸魚川市	36.938106	137.859594
御着	ごちゃく	Gochaku	A83	山陽本線	兵庫県	姫路市	34.816942	134.735589
特牛	こっとい	Kottoi		山陰本線	山口県	下関市	34.305878	130.918972
厚東	ことう	Kotō		山陽本線	山口県	宇部市	34.038739	131.267847
後藤	ごとう	Gotō		境線	鳥取県	米子市	35.439556	133.331528
琴芝	ことしば	Kotoshiba		宇部線	山口県	宇部市	33.953008	131.251881
木幡	こはた	Kohata	D07	奈良線	京都府	宇治市	34.924939	135.798858
御坊	ごぼう	Gobō		紀勢本線	和歌山県	御坊市	33.90775	135.159083
胡麻	ごま	Goma		山陰本線	京都府	南丹市	35.195322	135.468589
小松	こまつ	Komatsu		北陸新幹線	石川県	小松市	36.401889	136.452742
古見	こみ	Komi		姫新線	岡山県	真庭市	35.049219	133.760625
小屋浦	こやうら	Koyaura	Y08	呉線	広島県	坂町	34.302497	132.506353
湖山	こやま	Koyama		山陰本線	鳥取県	鳥取市	35.513703	134.186092
小和清水	こわしょうず	Kowashōzu		越美北線	福井県	福井市	36.017322	136.351133
金光	こんこう	Konkō	W08	山陽本線	岡山県	浅口市	34.54125	133.620681
西条	さいじょう	Saijō	G10	山陽本線	広島県	東広島市	34.431333	132.743639
西大寺	さいだいじ	Saidaiji	N06	赤穂線	岡山県	岡山市東区	34.661792	134.037222
坂	さか	Saka	Y06	呉線	広島県	坂町	34.338775	132.510831
嵯峨嵐山	さがあらしやま	Saga-Arashiyama	E08	山陰本線	京都府	京都市右京区	35.018742	135.681308
堺市	さかいし	Sakaishi	R28	阪和線	大阪府	堺市堺区	34.577189	135.498331
境港	さかいみなと	Sakaiminato		境線	鳥取県	境港市	35.545147	133.222661
坂田	さかた	Sakata	A11	北陸本線	滋賀県	米原市	35.336142	136.287703
坂根	さかね	Sakane		芸備線	岡山県	新見市	34.972964	133.370772
桜井	さくらい	Sakurai		桜井線	奈良県	桜井市	34.513142	135.846744
桜島	さくらじま	Sakurajima	P17	桜島線	大阪府	大阪市此花区	34.661936	135.432167
さくら夙川	さくらしゅくがわ	Sakurashukugawa	A53	東海道本線	兵庫県	西宮市	34.738989	135.331044
桜ノ宮	さくらのみや	Sakuranomiya	O09	大阪環状線	大阪府	大阪市都島区	34.704919	135.520328
坂越	さこし	Sakoshi		赤穂線	兵庫県	赤穂市	34.768825	134.417553
笹津	ささづ	Sasazu		高山本線	富山県	富山市	36.562083	137.2113
篠山口	ささやまぐち	Sasayamaguchi	G69	福知山線	兵庫県	丹波篠山市	35.056208	135.177628
佐津	さつ	Satsu		山陰本線	兵庫県	香美町	35.653383	134.685372
里庄	さとしょう	Satoshō	W10	山陽本線	岡山県	里庄町	34.507847	133.550936
佐那具	さなぐ	Sanagu		関西本線	三重県	伊賀市	34.804425	136.163961
佐用	さよ	Sayo		姫新線	兵庫県	佐用町	35.003864	134.356614
佐良山	さらやま	Sarayama		津山線	岡山県	津山市	35.03215	133.961008
三郷	さんごう	Sangō	Q30	関西本線	奈良県	三郷町	34.58915	135.687444
三田	さんだ	Sanda	G61	福知山線	兵庫県	三田市	34.888964	135.229789
三ノ宮	さんのみや	Sannomiya	A61	東海道本線	兵庫県	神戸市中央区	34.694839	135.194942
三本松口	さんぼんまつぐち	Sambommatsuguchi		境線	鳥取県	米子市	35.446244	133.322889
三見	さんみ	Sammi		山陰本線	山口県	萩市	34.397406	131.330128
JR淡路	じぇいあーるあわじ	JR-Awaji	F04	おおさか東線	大阪府	大阪市東淀川区	34.740694	135.519861
JR小倉	じぇいあーるおぐら	JR-Ogura	D10	奈良線	京都府	宇治市	34.889206	135.785933
JR河内永和	じぇいあーるかわちえいわ	JR-Kawachi-Eiwa	F10	おおさか東線	大阪府	東大阪市	34.664156	135.572347
JR五位堂	じぇいあーるごいどう	JR-Goidō		和歌山線	奈良県	香芝市	34.527625	135.718431
JR俊徳道	じぇいあーるしゅんとくみち	JR-Shuntokumichi	F11	おおさか東線	大阪府	東大阪市	34.658447	135.572478
JR総持寺	じぇいあーるそうじじ	JR-Sōjiji	A40	東海道本線	大阪府	茨木市	34.828611	135.577778
JR長瀬	じぇいあーるながせ	JR-Nagase	F12	おおさか東線	大阪府	東大阪市	34.650044	135.570322
JR難波	じぇいあーるなんば	JR-Namba	Q17	関西本線	大阪府	大阪市浪速区	34.666417	135.495333
JR野江	じぇいあーるのえ	JR-Noe	F06	おおさか東線	大阪府	大阪市城東区	34.706944	135.541389
JR藤森	じぇいあーるふじのもり	JR-Fujinomori	D04	奈良線	京都府	京都市伏見区	34.948275	135.775703
JR三山木	じぇいあーるみやまき	JR-Miyamaki	H22	片町線	京都府	京田辺市	34.798306	135.784564
塩町	しおまち	Shiomachi		芸備線	広島県	三次市	34.774419	132.913892
塩屋	しおや	Shioya	A69	山陽本線	兵庫県	神戸市垂水区	34.6336	135.083372
志賀	しが	Shiga	B21	湖西線	滋賀県	大津市	35.202036	135.92465
志紀	しき	Shiki	Q26	関西本線	大阪府	八尾市	34.600569	135.6156
敷浪	しきなみ	Shikinami		七尾線	石川県	宝達志水町	36.848106	136.773422
鴫野	しぎの	Shikino	H40	片町線	大阪府	大阪市城東区	34.692664	135.545222
寺家	じけ	Jike	G09	山陽本線	広島県	東広島市	34.439222	132.722722
重安	しげやす	Shigeyasu		美祢線	山口県	美祢市	34.194294	131.208503
四条畷	しじょうなわて	Shijōnawate	H34	片町線	大阪府	大東市	34.730436	135.639344
静間	しずま	Shizuma		山陰本線	島根県	大田市	35.195483	132.468056
志都美	しずみ	Shizumi		和歌山線	奈良県	香芝市	34.561514	135.701997
七軒茶屋	しちけんぢゃや	Shichikenjaya	B10	可部線	広島県	広島市安佐南区	34.472336	132.480942
信太山	しのだやま	Shinodayama	R36	阪和線	大阪府	和泉市	34.499711	135.432719
篠原	しのはら	Shinohara	A20	東海道本線	滋賀県	近江八幡市	35.09925	136.071294
忍ケ丘	しのぶがおか	Shinobugaoka	H33	片町線	大阪府	四條畷市	34.745914	135.64555
篠目	しのめ	Shinome		山口線	山口県	山口市	34.279	131.562181
柴山	しばやま	Shibayama		山陰本線	兵庫県	香美町	35.6464	134.66375
渋木	しぶき	Shibuki		美祢線	山口県	長門市	34.311656	131.196469
地福	じふく	Jifuku		山口線	山口県	山口市	34.362908	131.674436
島尾	しまお	Shimao		氷見線	富山県	氷見市	36.8284	137.012692
島ケ原	しまがはら	Shimagahara		関西本線	三重県	伊賀市	34.767686	136.054183
島田	しまた	Shimata		山陽本線	山口県	光市	33.990289	131.960944
島本	しまもと	Shimamoto	A37	東海道本線	大阪府	島本町	34.880647	135.662778
冷水浦	しみずうら	Shimizuura		紀勢本線	和歌山県	海南市	34.141911	135.193839
下井阪	しもいさか	Shimo-Isaka		和歌山線	和歌山県	紀の川市	34.262086	135.340556
下市	しもいち	Shimoichi		山陰本線	鳥取県	大山町	35.518819	133.5663
下川辺	しもかわべ	Shimokawabe		福塩線	広島県	府中市	34.553997	133.205589
下祇園	しもぎおん	Shimo-Gion	B06	可部線	広島県	広島市安佐南区	34.439542	132.462733
下久野	しもくの	Shimokuno		木次線	島根県	雲南市	35.264789	132.992258
下府	しもこう	Shimokō		山陰本線	島根県	浜田市	34.927103	132.110394
下狛	しもこま	Shimokoma	H21	片町線	京都府	精華町	34.780658	135.789378
下里	しもさと	Shimosato		紀勢本線	和歌山県	那智勝浦町	33.582403	135.922353
下滝	しもたき	Shimotaki		福知山線	兵庫県	丹波市	35.08785	135.094081
下津	しもつ	Shimotsu		紀勢本線	和歌山県	海南市	34.108803	135.145461
下関	しものせき	Shimonoseki		山陽本線	山口県	下関市	33.950406	130.923083
下兵庫	しもひょうご	Shimo-Hyōgo		和歌山線	和歌山県	橋本市	34.32265	135.6348
下深川	しもふかわ	Shimo-Fukawa	P06	芸備線	広島県	広島市安佐北区	34.488614	132.524914
下北条	しもほうじょう	Shomohōjō		山陰本線	鳥取県	北栄町	35.481914	133.809075
下松	しもまつ	Shimomatsu	R39	阪和線	大阪府	岸和田市	34.457464	135.396867
下夜久野	しもやくの	Shimo-Yakuno		山陰本線	京都府	福知山市	35.320175	134.998014
下山	しもやま	Shimoyama		山陰本線	京都府	京丹波町	35.212197	135.422708
下唯野	しもゆいの	Shimo-Yuino		越美北線	福井県	大野市	35.974322	136.560069
下和知	しもわち	Shimo-Wachi		芸備線	広島県	三次市	34.798128	132.925356
上越妙高	じょうえつみょうこう	Jōetsumyōkō		北陸新幹線	新潟県	上越市	37.081333	138.248472
上下	じょうげ	Jōge		福塩線	広島県	府中市	34.69495	133.117597
上道	じょうとう	Jōtō	S05	山陽本線	岡山県	岡山市東区	34.699431	134.020686
城端	じょうはな	Jōhana		城端線	富山県	南砺市	36.522017	136.901728
荘原	しょうばら	Shōbara		山陰本線	島根県	出雲市	35.393669	132.868203
生山	しょうやま	Shōyama		伯備線	鳥取県	日南町	35.170692	133.321897
城陽	じょうよう	Jōyō	D12	奈良線	京都府	城陽市	34.856136	135.780783
白市	しらいち	Shiraichi	G12	山陽本線	広島県	東広島市	34.443272	132.832383
白木山	しらきやま	Shirakiyama		芸備線	広島県	広島市安佐北区	34.500628	132.587886
白浜	しらはま	Shirahama		紀勢本線	和歌山県	白浜町	33.67585	135.387214
四郎ケ原	しろうがはら	Shirōgahara		美祢線	山口県	美祢市	34.137328	131.161072
城北公園通	しろきたこうえんどおり	Shirokitakōendōri	F05	おおさか東線	大阪府	大阪市旭区	34.723608	135.530627
志和口	しわぐち	Shiwaguchi		芸備線	広島県	広島市安佐北区	34.554669	132.658039
志和地	しわち	Shiwachi		芸備線	広島県	三次市	34.740475	132.803919
新旭	しんあさひ	Shin-asahi	B15	湖西線	滋賀県	高島市	35.355653	136.035742
新市	しんいち	Shin-ichi		福塩線	広島県	福山市	34.554422	133.269514
新井口	しんいのくち	Shin-Inokuchi	R05	山陽本線	広島県	広島市西区	34.375719	132.392039
新今宮	しんいまみや	Shin-Imamiya	O19/Q19	大阪環状線	大阪府	大阪市浪速区	34.650167	135.500694
新岩国	しんいわくに	Shin-Iwakuni		山陽新幹線	山口県	岩国市	34.165028	132.149806
新大阪	しんおおさか	Shin-Ōsaka	A46/F02	東海道本線・山陽新幹線	大阪府	大阪市淀川区	34.733483	135.500114
新尾道	しんおのみち	Shin-Onomichi		山陽新幹線	広島県	尾道市	34.430083	133.190333
新加美	しんかみ	Shin-Kami	F14	おおさか東線	大阪府	大阪市平野区	34.627036	135.568314
鍼灸大学前	しんきゅうだいがくまえ	Shinkyūdaigakumae		山陰本線	京都府	南丹市	35.179222	135.489844
新宮	しんぐう	Shingū		紀勢本線	和歌山県	新宮市	33.725211	135.994158
新倉敷	しんくらしき	Shin-Kurashiki	W07	山陽本線・山陽新幹線	岡山県	倉敷市	34.565	133.678667
新家	しんげ	Shinge	R47	阪和線	大阪府	泉南市	34.372003	135.298586
新神戸	しんこうべ	Shin-Kōbe		山陽新幹線	兵庫県	神戸市中央区	34.706722	135.196222
新三田	しんさんだ	Shin-Sanda	G62	福知山線	兵庫県	三田市	34.910111	135.208353
宍道	しんじ	Shinji		山陰本線	島根県	松江市	35.406906	132.909278
新下関	しんしものせき	Shin-Shimonoseki		山陽本線・山陽新幹線	山口県	下関市	34.005694	130.948806
新高岡	しんたかおか	Shin-Takaoka		城端線・北陸新幹線	富山県	高岡市	36.727222	137.013056
新田	しんでん	Shinden	D11	奈良線	京都府	宇治市	34.874242	135.780544
新堂	しんどう	Shindō		関西本線	三重県	伊賀市	34.821097	136.206683
新長田	しんながた	Shin-Nagata	A65	山陽本線	兵庫県	神戸市長田区	34.6585	135.1459
新南陽	しんなんよう	Shinnan-yō		山陽本線	山口県	周南市	34.069772	131.769247
新西脇	しんにしわき	Shin-Nishiwaki		加古川線	兵庫県	西脇市	34.977869	134.97723
新白島	しんはくしま	Shin-Hakushima	B02/R02	山陽本線	広島県	広島市中区	34.408361	132.461528
新疋田	しんひきだ	Shin-Hikida	A02/B09	北陸本線	福井県	敦賀市	35.594167	136.100556
新平野	しんひらの	Shin-Hirano		小浜線	福井県	小浜市	35.472992	135.808006
新広	しんひろ	Shin-Hiro	Y16	呉線	広島県	呉市	34.232236	132.614308
新福島	しんふくしま	Shin-Fukushima	H45	JR東西線	大阪府	大阪市福島区	34.694958	135.485667
新山口	しんやまぐち	Shin-Yamaguchi		山陽本線・山陽新幹線	山口県	山口市	34.093472	131.397556
吹田	すいた	Suita	A44	東海道本線	大阪府	吹田市	34.763175	135.523669
末恒	すえつね	Suetsune		山陰本線	鳥取県	鳥取市	35.524114	134.1359
周防久保	すおうくぼ	Suō-Kubo		岩徳線	山口県	下松市	34.029172	131.919103
周防佐山	すおうさやま	Suō-Sayama		宇部線	山口県	山口市	34.034906	131.363669
周防下郷	すおうしもごう	Suō-Shimogō		山口線	山口県	山口市	34.101203	131.401744
周防高森	すおうたかもり	Suō-Takamori		岩徳線	山口県	岩国市	34.090742	132.046533
周防花岡	すおうはなおか	Suō-Hanaoka		岩徳線	山口県	下松市	34.036017	131.867475
杉本町	すぎもとちょう	Sugimotochō	R26	阪和線	大阪府	大阪市住吉区	34.593847	135.502928
須佐	すさ	Susa		山陰本線	山口県	萩市	34.622019	131.605608
周参見	すさみ	Susami		紀勢本線	和歌山県	すさみ町	33.546817	135.4957
雀田	すずめだ	Suzumeda		小野田線	山口県	山陽小野田市	33.960372	131.186481
隅田	すだ	Suda		和歌山線	和歌山県	橋本市	34.328108	135.655533
須波	すなみ	Sunami	Y30	呉線	広島県	三原市	34.370064	133.083953
周布	すふ	Sufu		山陰本線	島根県	浜田市	34.858286	132.017458
須磨	すま	Suma	A68	山陽本線	兵庫県	神戸市須磨区	34.642272	135.112892
須磨海浜公園	すまかいひんこうえん	Sumakaihinkōen	A67	山陽本線	兵庫県	神戸市須磨区	34.647192	135.126622
住道	すみのどう	Suminodō	H36	片町線	大阪府	大東市	34.706253	135.621178
住吉	すみよし	Sumiyoshi	A56	東海道本線	兵庫県	神戸市東灘区	34.719572	135.261856
勢浜	せいはま	Seihama		小浜線	福井県	小浜市	35.481139	135.708472
関	せき	Seki		関西本線	三重県	亀山市	34.849178	136.394567
膳所	ぜぜ	Zeze	A28	東海道本線	滋賀県	大津市	34.999419	135.881042
瀬田	せた	Seta	A26	東海道本線	滋賀県	大津市	34.986964	135.925364
摂津富田	せっつとんだ	Settsu-Tonda	A39	東海道本線	大阪府	高槻市	34.837672	135.59335
摂津本山	せっつもとやま	Settsu-Motoyama	A56	東海道本線	兵庫県	神戸市東灘区	34.726681	135.27645
瀬戸	せと	Seto	S06	山陽本線	岡山県	岡山市東区	34.734297	134.041619
瀬野	せの	Seno	G07	山陽本線	広島県	広島市安芸区	34.421814	132.596883
妹尾	せのお	Senoo	L04/M04	宇野線	岡山県	岡山市南区	34.608361	133.871503
仙崎	せんざき	Senzaki		山陰本線(仙崎線)	山口県	長門市	34.387928	131.198978
千旦	せんだ	Senda		和歌山線	和歌山県	和歌山市	34.2417	135.245889
千本	せんぼん	Sembon		姫新線	兵庫県	たつの市	34.942461	134.494322
千里丘	せんりおか	Senrioka	A42	東海道本線	大阪府	摂津市	34.791289	135.551344
寒河	そうご	Sōgo	N16	赤穂線	岡山県	備前市	34.746072	134.297428
総社	そうじゃ	Sōja	U10/V07	伯備線	岡山県	総社市	34.673525	133.7381
曽根	そね	Sone	A81	山陽本線	兵庫県	高砂市	34.793272	134.769914
園部	そのべ	Sonobe	E16	山陰本線	京都府	南丹市	35.102558	135.483161
大安寺	だいあんじ	Daianji	U03	吉備線	岡山県	岡山市北区	34.663019	133.887047
太地	たいじ	Taiji		紀勢本線	和歌山県	太地町	33.591186	135.927436
大正	たいしょう	Taishō	O16	大阪環状線	大阪府	大阪市大正区	34.665519	135.479975
大山口	だいせんぐち	Daisenguchi		山陰本線	鳥取県	大山町	35.484975	133.456625
大道	だいどう	Daidō		山陽本線	山口県	防府市	34.053256	131.488467
田井ノ瀬	たいのせ	Tainose		和歌山線	和歌山県	和歌山市	34.242319	135.229972
大門	だいもん	Daimon	W12	山陽本線	広島県	福山市	34.498472	133.439922
高	たか	Taka		芸備線	広島県	庄原市	34.877844	133.070561
高井田	たかいだ	Takaida	Q28	関西本線	大阪府	柏原市	34.571456	135.638658
高井田中央	たかいだちゅうおう	Takaida-Chūō	F09	おおさか東線	大阪府	東大阪市	34.679114	135.572464
高岡	たかおか	Takaoka		城端線	富山県	高岡市	36.741464	137.015325
鷹狩	たかがり	Takagari		因美線	鳥取県	鳥取市	35.354225	134.206286
高儀	たかぎ	Takagi		城端線	富山県	南砺市	36.606689	136.936028
高木	たかぎ	Takagi		福塩線	広島県	府中市	34.562817	133.253672
高島	たかしま	Takashima	N03/S03	山陽本線	岡山県	岡山市中区	34.683181	133.958103
高田	たかだ	Takada		和歌山線	奈良県	大和高田市	34.516178	135.744814
高津	たかつ	Takatsu		山陰本線	京都府	綾部市	35.305097	135.207725
高月	たかつき	Takatsuki	A06	北陸本線	滋賀県	長浜市	35.471242	136.237347
高槻	たかつき	Takatsuki	A39	東海道本線	大阪府	高槻市	34.851714	135.617681
鷹取	たかとり	Takatori	A66	山陽本線	兵庫県	神戸市須磨区	34.651339	135.135203
高野	たかの	Takano		因美線	岡山県	津山市	35.080458	134.066008
高松	たかまつ	Takamatsu		七尾線	石川県	かほく市	36.768497	136.728811
高松町	たかまつちょう	Takamatsuchō		境線	鳥取県	境港市	35.515033	133.240064
高水	たかみず	Takamizu		岩徳線	山口県	周南市	34.055411	131.973056
宝塚	たからづか	Takarazuka	G56	福知山線	兵庫県	宝塚市	34.811394	135.34065
滝	たき	Taki		加古川線	兵庫県	加東市	34.948714	134.962425
田儀	たぎ	Tagi		山陰本線	島根県	出雲市	35.275222	132.590233
滝野	たきの	Takino		加古川線	兵庫県	加東市	34.941314	134.955714
滝部	たきべ	Takibe		山陰本線	山口県	下関市	34.284044	130.946672
竹田	たけだ	Takeda		播但線	兵庫県	朝来市	35.2991	134.835872
武田尾	たけだお	Takedao	G59	福知山線	兵庫県	宝塚市	34.855064	135.306061
竹野	たけの	Takeno		山陰本線	兵庫県	豊岡市	35.649967	134.756522
竹原	たけはら	Takehara	Y25	呉線	広島県	竹原市	34.339494	132.910022
建部	たけべ	Takebe		津山線	岡山県	岡山市北区	34.842264	133.899228
田子	たこ	Tako		紀勢本線	和歌山県	串本町	33.490347	135.677486
丹治部	たじべ	Tajibe		姫新線	岡山県	新見市	35.046375	133.553644
忠海	ただのうみ	Tadanoumi	Y28	呉線	広島県	竹原市	34.336897	132.991256
立木	たちき	Tachiki		山陰本線	京都府	京丹波町	35.274297	135.337256
立花	たちばな	Tachibana	A50	東海道本線	兵庫県	尼崎市	34.737961	135.399122
竜野	たつの	Tatsuno		山陽本線	兵庫県	たつの市	34.8254	134.522058
棚倉	たなくら	Tanakura	D17	奈良線	京都府	木津川市	34.774708	135.816183
田並	たなみ	Tanami		紀勢本線	和歌山県	串本町	33.487961	135.718858
谷川	たにかわ	Tanikawa		福知山線	兵庫県	丹波市	35.082331	135.050089
田布施	たぶせ	Tabuse		山陽本線	山口県	田布施町	33.958683	132.044173
玉江	たまえ	Tamae		山陰本線	山口県	萩市	34.40535	131.380058
玉柏	たまがし	Tamagashi		津山線	岡山県	岡山市北区	34.716869	133.964597
玉造	たまつくり	Tamatsukuri	O05	大阪環状線	大阪府	大阪市天王寺区	34.673525	135.532828
玉造温泉	たまつくりおんせん	Tamatsukurionsen		山陰本線	島根県	松江市	35.430856	133.011761
玉手	たまで	Tamade		和歌山線	奈良県	御所市	34.458333	135.749058
玉水	たまみず	Tamamizu	D16	奈良線	京都府	井手町	34.800175	135.806922
田村	たむら	Tamura	A10	北陸本線	滋賀県	長浜市	35.356308	136.281814
垂水	たるみ	Tarumi	A70	山陽本線	兵庫県	神戸市垂水区	34.629528	135.053628
誕生寺	たんじょうじ	Tanjōji		津山線	岡山県	久米南町	34.951467	133.95945
丹波大山	たんばおおやま	Tamba-Ōyama		福知山線	兵庫県	丹波篠山市	35.072289	135.168631
丹波口	たんばぐち	Tambaguchi	E03	山陰本線	京都府	京都市下京区	34.995419	135.742425
丹波竹田	たんばたけだ	Tamba-Takeda		福知山線	兵庫県	丹波市	35.243731	135.133908
近田	ちかた	Chikata		福塩線	広島県	福山市	34.546286	133.310958
千里	ちさと	Chisato		高山本線	富山県	富山市	36.634558	137.132356
千路	ちじ	Chji		七尾線	石川県	羽咋市	36.928167	136.801147
智頭	ちず	Chizu		因美線	鳥取県	智頭町	35.265175	134.225597
茶屋町	ちゃやまち	Chayamachi	L08/M08	宇野線	岡山県	倉敷市	34.57665	133.825836
中国勝山	ちゅうごくかつやま	Chūgoku-Katsuyama		姫新線	岡山県	真庭市	35.080508	133.694508
長府	ちょうふ	Chōfu		山陽本線	山口県	下関市	34.019672	130.999931
長門峡	ちょうもんきょう	Chōmonkyō		山口線	山口県	山口市	34.304564	131.578856
千代川	ちよかわ	Chiyokawa	E13	山陰本線	京都府	亀岡市	35.048525	135.548189
知和	ちわ	Chiwa		因美線	岡山県	津山市	35.192731	134.077111
塚口	つかぐち	Tsukaguchi	G50	福知山線	兵庫県	尼崎市	34.750975	135.424922
塚本	つかもと	Tsukamoto	A48/G48	東海道本線	大阪府	大阪市淀川区	34.712581	135.468878
月ケ瀬口	つきがせぐち	Tsukigaseguchi		関西本線	京都府	南山城村	34.762803	136.023703
月田	つきだ	Tsukida		姫新線	岡山県	真庭市	35.048217	133.666861
津久野	つくの	Tsukuno	R32	阪和線	大阪府	堺市西区	34.542242	135.468328
柘植	つげ	Tsuge		関西本線	三重県	伊賀市	34.846975	136.255694
津田	つだ	Tsuda	H29	片町線	大阪府	枚方市	34.801167	135.697611
土山	つちやま	Tsuchiyama	A77	山陽本線	兵庫県	播磨町	34.720483	134.888872
通津	つづ	Tsuzu		山陽本線	山口県	岩国市	34.068336	132.205122
常山	つねやま	Tsuneyama	L12	宇野線	岡山県	玉野市	34.531508	133.89275
津ノ井	つのい	Tsunoi		因美線	鳥取県	鳥取市	35.461339	134.248756
都野津	つのづ	Tsunozu		山陰本線	島根県	江津市	34.989672	132.18765
椿	つばき	Tsubaki		紀勢本線	和歌山県	白浜町	33.609839	135.403822
津幡	つばた	Tsubata		七尾線	石川県	津幡町	36.6577	136.730356
坪井	つぼい	Tsuboi		姫新線	岡山県	津山市	35.062061	133.87735
妻崎	つまざき	Tsumazaki		小野田線	山口県	宇部市	33.970486	131.202586
津山	つやま	Tsuyama		姫新線	岡山県	津山市	35.05475	134.003014
津山口	つやまぐち	Tsuyamaguchi		津山線	岡山県	津山市	35.054603	133.982833
鶴居	つるい	Tsurui		播但線	兵庫県	市川町	35.0231	134.754753
敦賀	つるが	Tsuruga	A01/B08	北陸本線・北陸新幹線	福井県	敦賀市	35.645161	136.076294
鶴ケ丘	つるがおか	Tsurugaoka	R23	阪和線	大阪府	大阪市東住吉区	34.617722	135.516614
鶴橋	つるはし	Tsuruhashi	O04	大阪環状線	大阪府	大阪市天王寺区	34.665247	135.529925
津和野	つわの	Tsuwano		山口線	島根県	津和野町	34.472603	131.773822
手原	てはら	Tehara		草津線	滋賀県	栗東市	35.027325	135.999261
寺庄	てらしょう	Terashō		草津線	滋賀県	甲賀市	34.9191	136.185836
寺田町	てらだちょう	Teradachō	O02	大阪環状線	大阪府	大阪市天王寺区	34.647878	135.523369
寺前	てらまえ	Teramae		播但線	兵庫県	神河町	35.065094	134.742917
天神川	てんじんがわ	Tenjingawa	G02/Y02	山陽本線	広島県	広島市南区	34.389944	132.498319
天応	てんのう	Tennō	Y10	呉線	広島県	呉市	34.282214	132.519575
天王寺	てんのうじ	Tennōji	O01/Q20/R20	関西本線	大阪府	大阪市天王寺区	34.647322	135.513939
天満	てんま	Temma	O10	大阪環状線	大阪府	大阪市北区	34.704933	135.512136
天理	てんり	Tenri		桜井線	奈良県	天理市	34.600692	135.830478
天和	てんわ	Tenwa		赤穂線	兵庫県	赤穂市	34.749358	134.351833
戸出	といで	Toide		城端線	富山県	高岡市	36.684044	136.983725
道後山	どうごやま	Dōgoyama		芸備線	広島県	庄原市	35.010894	133.178269
同志社前	どうししゃまえ	Dōshishamae	H23	片町線	京都府	京田辺市	34.805339	135.778386
東城	とうじょう	Tōjō		芸備線	広島県	庄原市	34.901578	133.273808
道場	どうじょう	Dōjō	G60	福知山線	兵庫県	神戸市北区	34.867228	135.255628
道成寺	どうじょうじ	Dōjōji		紀勢本線	和歌山県	御坊市	33.911233	135.175933
東福寺	とうふくじ	Tōfukuji	D02	奈良線	京都府	京都市東山区	34.980917	135.769917
東部市場前	とうぶしじょうまえ	Tōbushijōmae	Q21	関西本線	大阪府	大阪市東住吉区	34.638147	135.537686
常盤	ときわ	Tokiwa		宇部線	山口県	宇部市	33.940808	131.29215
徳庵	とくあん	Tokuan	H38	片町線	大阪府	東大阪市	34.692436	135.581336
徳佐	とくさ	Tokusa		山口線	山口県	山口市	34.399964	131.720419
徳田	とくだ	Tokuda		七尾線	石川県	七尾市	37.0075	136.930278
徳山	とくやま	Tokuyama		山陽本線・山陽新幹線	山口県	周南市	34.051194	131.80225
床波	とこなみ	Tokonami		宇部線	山口県	宇部市	33.952519	131.305475
戸田小浜	とだこはま	Toda-Kohama		山陰本線	島根県	益田市	34.673139	131.737853
鳥取	とっとり	Tottori		山陰本線	鳥取県	鳥取市	35.494317	134.225367
鳥取大学前	とっとりだいがくまえ	Tottoridaigakumae		山陰本線	鳥取県	鳥取市	35.518206	134.174475
戸手	とで	Tode		福塩線	広島県	福山市	34.546528	133.300947
砺波	となみ	Tonami		城端線	富山県	砺波市	36.636569	136.953692
富木	とのき	Tonoki	R34	阪和線	大阪府	高石市	34.522861	135.451628
富海	とのみ	Tonomi		山陽本線	山口県	防府市	34.048508	131.638986
砥堀	とほり	Tohori		播但線	兵庫県	姫路市	34.866197	134.724547
泊	とまり	Tomari		山陰本線	鳥取県	湯梨浜町	35.509353	133.936406
富原	とみはら	Tomihara		姫新線	岡山県	真庭市	35.054978	133.612128
十村	とむら	Tomura		小浜線	福井県	若狭町	35.516189	135.896958
富山	とやま	Toyama		高山本線・北陸新幹線	富山県	富山市	36.701222	137.213167
豊岡	とよおか	Toyooka		山陰本線	兵庫県	豊岡市	35.544083	134.81375
虎姫	とらひめ	Torahime	A07	北陸本線	滋賀県	長浜市	35.424458	136.257419
直江	なおえ	Naoe		山陰本線	島根県	出雲市	35.383814	132.807639
長居	ながい	Nagai	R24	阪和線	大阪府	大阪市住吉区	34.611114	135.512597
長池	ながいけ	Nagaike	D13	奈良線	京都府	城陽市	34.842339	135.789747
中飯降	なかいぶり	Naka-Iburi		和歌山線	和歌山県	かつらぎ町	34.304256	135.531958
長尾	ながお	Nagao	H27	片町線	大阪府	枚方市	34.825992	135.712758
長岡京	ながおかきょう	Nagaokakyō	A35	東海道本線	京都府	長岡京市	34.923517	135.700694
中島	なかしま	Nakashima	B13	可部線	広島県	広島市安佐北区	34.500622	132.513008
中庄	なかしょう	Nakashō	V04/W04	山陽本線	岡山県	倉敷市	34.626311	133.807825
長滝	ながたき	Nagataki	R46	阪和線	大阪府	泉佐野市	34.381883	135.3196
中土	なかつち	Nakatsuchi		大糸線	長野県	小谷村	36.805594	137.907836
中津幡	なかつばた	Naka-Tsubata		七尾線	石川県	津幡町	36.671219	136.740425
長門粟野	ながとあわの	Nagato-Awano		山陰本線	山口県	下関市	34.357503	130.970225
長門大井	ながとおおい	Nagato-Ōi		山陰本線	山口県	萩市	34.471078	131.449806
長門市	ながとし	Nagatoshi		山陰本線	山口県	長門市	34.37525	131.185042
長門長沢	ながとながさわ	Nagato-Nagasawa		小野田線	山口県	宇部市	33.966619	131.196836
長門二見	ながとふたみ	Nagato-Futami		山陰本線	山口県	下関市	34.251711	130.915003
長門古市	ながとふるいち	Nagato-Furuichi		山陰本線	山口県	長門市	34.3885	131.102089
長門三隅	ながとみすみ	Nagato-Misumi		山陰本線	山口県	長門市	34.366536	131.236181
長門本山	ながともとやま	Nagato-Motoyama		小野田線(本山線)	山口県	山陽小野田市	33.942822	131.173339
長門湯本	ながとゆもと	Nagato-Yumoto		美祢線	山口県	長門市	34.334494	131.172439
中野東	なかのひがし	Nakanohigashi	G06	山陽本線	広島県	広島市安芸区	34.403917	132.578917
中畑	なかはた	Nakahata		福塩線	広島県	府中市	34.582344	133.193339
中浜	なかはま	Nakahama		境線	鳥取県	境港市	35.506872	133.244772
長浜	ながはま	Nagahama	A09	北陸本線	滋賀県	長浜市	35.378417	136.265167
永原	ながはら	Nagahara	B11	湖西線	滋賀県	長浜市	35.498833	136.122247
中深川	なかふかわ	Naka-Fukawa	P07	芸備線	広島県	広島市安佐北区	34.481108	132.534058
中三田	なかみた	Naka-Mita		芸備線	広島県	広島市安佐北区	34.513111	132.609022
中山口	なかやまぐち	Nakayamaguchi		山陰本線	鳥取県	大山町	35.52085	133.590017
中山寺	なかやまでら	Nakayamadera	G55	福知山線	兵庫県	宝塚市	34.816692	135.373803
長柄	ながら	Nagara		桜井線	奈良県	天理市	34.573744	135.835075
那岐	なぎ	Nagi		因美線	鳥取県	智頭町	35.213792	134.209997
名草	なぐさ	Nagusa		山口線	山口県	山口市	34.353775	131.651317
奈古	なご	Nago		山陰本線	山口県	阿武町	34.503006	131.472703
灘	なだ	Nada	A60	東海道本線	兵庫県	神戸市灘区	34.7062	135.2165
那智	なち	Nachi		紀勢本線	和歌山県	那智勝浦町	33.644081	135.936547
名手	なて	Nate		和歌山線	和歌山県	紀の川市	34.273139	135.433856
七尾	ななお	Nanao		七尾線	石川県	七尾市	37.0425	136.963889
七塚	ななつか	Nanatsuka		芸備線	広島県	庄原市	34.844606	132.985911
鍋倉	なべくら	Nabekura		山口線	山口県	山口市	34.378322	131.694353
生瀬	なまぜ	Namaze	G57	福知山線	兵庫県	西宮市	34.819158	135.325058
並河	なみかわ	Namikawa	E12	山陰本線	京都府	亀岡市	35.032508	135.554808
奈良	なら	Nara	D21/Q36	関西本線	奈良県	奈良市	34.680661	135.819022
楢原	ならはら	Narahara		姫新線	岡山県	美作市	35.019725	134.189397
平城山	ならやま	Narayama	D20/Q37	関西本線	奈良県	奈良市	34.710697	135.810489
名和	なわ	Nawa		山陰本線	鳥取県	大山町	35.507347	133.491936
新井	にい	Nii		播但線	兵庫県	朝来市	35.236636	134.795181
新郷	にいざと	Niizato		伯備線	岡山県	新見市	35.082086	133.367786
新野	にいの	Niino		播但線	兵庫県	神河町	35.050197	134.752489
新見	にいみ	Niimi	V18	伯備線	岡山県	新見市	34.987439	133.456722
仁方	にがた	Nigata	Y18	呉線	広島県	呉市	34.221772	132.655411
西相生	にしあいおい	Nishi-Aioi		赤穂線	兵庫県	相生市	34.801575	134.450958
西明石	にしあかし	Nishi-Akashi	A74	山陽本線・山陽新幹線	兵庫県	明石市	34.666853	134.960539
西阿知	にしあち	Nishi-Achi	W06	山陽本線	岡山県	倉敷市	34.585944	133.727694
西出雲	にしいずも	Nishi-Izumo		山陰本線	島根県	出雲市	35.334894	132.721817
西岩国	にしいわくに	Nishi-Iwakuni		岩徳線	山口県	岩国市	34.162822	132.195158
西大路	にしおおじ	Nishiōji	A32	東海道本線	京都府	京都市南区	34.981028	135.732333
西笠田	にしかせだ	Nishi-Kaseda		和歌山線	和歌山県	かつらぎ町	34.280156	135.453019
西片上	にしかたかみ	Nishi-Katakami	N12	赤穂線	岡山県	備前市	34.745194	134.183556
西勝間田	にしかつまだ	Nishi-Katsumada		姫新線	岡山県	勝央町	35.043553	134.089314
西川原	にしがわら	Nishigawara	N02/S02	山陽本線	岡山県	岡山市中区	34.678958	133.937722
西木津	にしきづ	Nishi-Kizu	H19	片町線	京都府	木津川市	34.737772	135.803519
西九条	にしくじょう	Nishikujō	O14/P14	大阪環状線	大阪府	大阪市此花区	34.682664	135.466789
西栗栖	にしくりす	Nishi-Kurisu		姫新線	兵庫県	たつの市	34.952397	134.470375
西高屋	にしたかや	Nishitakaya	G11	山陽本線	広島県	東広島市	34.446431	132.788039
西敦賀	にしつるが	Nishi-Tsuruga		小浜線	福井県	敦賀市	35.618125	136.067664
西富山	にしとやま	Nishi-Toyama		高山本線	富山県	富山市	36.699647	137.177558
西宮	にしのみや	Nishinomiya	A52	東海道本線	兵庫県	西宮市	34.738764	135.347867
西宮名塩	にしのみやなじお	Nishinomiya-Najio	G58	福知山線	兵庫県	西宮市	34.826806	135.308889
西浜田	にしはまだ	Nishi-Hamada		山陰本線	島根県	浜田市	34.869467	132.050531
西広島	にしひろしま	Nishi-Hiroshima	R04	山陽本線	広島県	広島市西区	34.397833	132.427978
西舞鶴	にしまいづる	Nishi-Maizuru		舞鶴線	京都府	舞鶴市	35.441875	135.330389
西三次	にしみよし	Nishi-Miyoshi		芸備線	広島県	三次市	34.79845	132.840842
二条	にじょう	Nijō	E04	山陰本線	京都府	京都市中京区	35.010975	135.741694
西脇市	にしわきし	Nishiwakishi		加古川線	兵庫県	西脇市	34.972064	134.969067
日原	にちはら	Nichihara		山口線	島根県	津和野町	34.532653	131.831886
仁豊野	にぶの	Nibuno		播但線	兵庫県	姫路市	34.885019	134.728308
仁保	にほ	Niho		山口線	山口県	山口市	34.216689	131.536297
仁保津	にほづ	Nihozu		山口線	山口県	山口市	34.128844	131.415372
日本へそ公園	にほんへそこうえん	Nihonhesokōen		加古川線	兵庫県	西脇市	35.002056	134.997694
仁万	にま	Nima		山陰本線	島根県	大田市	35.150717	132.403344
入野	にゅうの	Nyūno	G13	山陽本線	広島県	東広島市	34.460661	132.851767
楡原	にれはら	Nirehara		高山本線	富山県	富山市	36.529136	137.228722
庭瀬	にわせ	Niwase	V03/W03	山陽本線	岡山県	岡山市北区	34.642842	133.853867
布原	ぬのはら	Nunohara		伯備線	岡山県	新見市	34.987942	133.421764
根雨	ねう	Neu		伯備線	鳥取県	日野町	35.241472	133.441767
根知	ねち	Nechi		大糸線	新潟県	糸魚川市	36.966667	137.867111
寝屋川公園	ねやがわこうえん	Neyagawakōen	H32	片町線	大阪府	寝屋川市	34.755736	135.653192
能町	のうまち	Nōmachi		氷見線	富山県	高岡市	36.768833	137.040172
乃木	のぎ	Nogi		山陰本線	島根県	松江市	35.445928	133.048708
野崎	のざき	Nozaki	H35	片町線	大阪府	大東市	34.718694	135.637136
野里	のざと	Nozato		播但線	兵庫県	姫路市	34.856139	134.711278
能瀬	のせ	Nose		七尾線	石川県	津幡町	36.693322	136.719792
野田	のだ	Noda	O13	大阪環状線	大阪府	大阪市福島区	34.688981	135.474858
野馳	のち	Nochi		芸備線	岡山県	新見市	34.915047	133.316833
能登川	のとがわ	Notogawa	A17	東海道本線	滋賀県	東近江市	35.179911	136.165894
能登二宮	のとにのみや	Noto-Ninomiya		七尾線	石川県	中能登町	36.984803	136.917367
能登部	のとべ	Notobe		七尾線	石川県	中能登町	36.961392	136.869636
野々口	ののくち	Nonokuchi		津山線	岡山県	岡山市北区	34.771269	133.932417
梅林	ばいりん	Bairin	B11	可部線	広島県	広島市安佐南区	34.481336	132.494856
博多	はかた	Hakata		山陽新幹線・博多南線	福岡県	福岡市博多区	33.59	130.420611
博多南	はかたみなみ	Hakataminami		博多南線	福岡県	春日市	33.518417	130.436444
計石	はかりいし	Hakariishi		越美北線	福井県	福井市	35.997561	136.434375
萩	はぎ	Hagi		山陰本線	山口県	萩市	34.393883	131.401092
羽咋	はくい	Hakui		七尾線	石川県	羽咋市	36.896636	136.783314
博労町	ばくろうまち	Bakurōmachi		境線	鳥取県	米子市	35.431058	133.340175
迫川	はざかわ	Hazakawa	L11	宇野線	岡山県	岡山市南区	34.536378	133.879569
波子	はし	Hashi		山陰本線	島根県	江津市	34.96415	132.151119
土師	はじ	Haji		因美線	鳥取県	智頭町	35.232922	134.225792
橋本	はしもと	Hashimoto		和歌山線	和歌山県	橋本市	34.318089	135.614914
柱野	はしらの	Hashirano		岩徳線	山口県	岩国市	34.143397	132.154364
長谷	はせ	Hase		播但線	兵庫県	神河町	35.116917	134.747944
畠田	はたけだ	Hatakeda		和歌山線	奈良県	王寺町	34.578442	135.703806
幡生	はたぶ	Hatabu		山陽本線	山口県	下関市	33.980281	130.926947
幡屋	はたや	Hataya		木次線	島根県	雲南市	35.334833	132.939367
八浜	はちはま	Hachihama	L13	宇野線	岡山県	玉野市	34.531992	133.919192
八本松	はちほんまつ	Hachihommatsu	G08	山陽本線	広島県	東広島市	34.445636	132.688394
廿日市	はつかいち	Hatsukaichi	R07	山陽本線	広島県	廿日市市	34.357836	132.335658
初島	はつしま	Hatsushima		紀勢本線	和歌山県	有田市	34.099953	135.115636
服部	はっとり	Hattori	U08	吉備線	岡山県	総社市	34.691092	133.775164
花園	はなぞの	Hanazono	E06	山陰本線	京都府	京都市右京区	35.018614	135.717781
放出	はなてん	Hanaten	F08/H39	片町線	大阪府	大阪市鶴見区	34.688042	135.563
波根	はね	Hane		山陰本線	島根県	大田市	35.240264	132.526078
馬場崎町	ばばさきちょう	Babasakichō		境線	鳥取県	境港市	35.538686	133.226417
埴生	はぶ	Habu		山陽本線	山口県	山陽小野田市	34.049172	131.086864
浜河内	はまごうち	Hamagōchi		小野田線(本山線)	山口県	山陽小野田市	33.950386	131.179478
浜坂	はまさか	Hamasaka		山陰本線	兵庫県	新温泉町	35.620903	134.452392
浜田	はまだ	Hamada		山陰本線	島根県	浜田市	34.902608	132.088856
浜村	はまむら	Hamamura		山陰本線	鳥取県	鳥取市	35.509519	134.050747
芳養	はや	Haya		紀勢本線	和歌山県	田辺市	33.747208	135.3553
林	はやし	Hayashi		城端線	富山県	高岡市	36.704394	136.999228
林野	はやしの	Hayashino		姫新線	岡山県	美作市	35.013667	134.150819
早島	はやしま	Hayashima	L06/M06	宇野線	岡山県	早島町	34.602244	133.833269
速星	はやほし	Hayahoshi		高山本線	富山県	富山市	36.664167	137.160647
はりま勝原	はりまかつはら	Harima-Katsuhara		山陽本線	兵庫県	姫路市	34.810164	134.614075
播磨新宮	はりましんぐう	Harima-Shingū		姫新線	兵庫県	たつの市	34.920961	134.546333
播磨高岡	はりまたかおか	Harima-Takaoka		姫新線	兵庫県	姫路市	34.842003	134.658786
播磨徳久	はりまとくさ	Harima-Tokusa		姫新線	兵庫県	佐用町	34.990481	134.385636
播州赤穂	ばんしゅうあこう	Banshū-Akō		赤穂線	兵庫県	赤穂市	34.756661	134.393167
比延	ひえ	Hie		加古川線	兵庫県	西脇市	34.988456	134.995739
比叡山坂本	ひえいざんさかもと	Hieizan-Sakamoto	B27	湖西線	滋賀県	大津市	35.070461	135.878267
日岡	ひおか	Hioka		加古川線	兵庫県	加古川市	34.778697	134.857394
東青原	ひがしあおはら	Higashi-Aohara		山口線	島根県	津和野町	34.585025	131.797394
東石黒	ひがしいしぐろ	Higashi-Ishiguro		城端線	富山県	南砺市	36.576069	136.89815
東岡山	ひがしおかやま	Higashi-Okayama	N04/S04	山陽本線	岡山県	岡山市中区	34.685639	133.988103
東尾道	ひがしおのみち	Higashi-Onomichi	X17	山陽本線	広島県	尾道市	34.435	133.233333
東小浜	ひがしおばま	Higashi-Obama		小浜線	福井県	小浜市	35.485194	135.781111
東貝塚	ひがしかいづか	Higashi-Kaizuka	R41	阪和線	大阪府	貝塚市	34.439525	135.372439
東加古川	ひがしかこがわ	Higashi-Kakogawa	A78	山陽本線	兵庫県	加古川市	34.74585	134.869039
東岸和田	ひがしきしわだ	Higashi-Kishiwada	R40	阪和線	大阪府	岸和田市	34.448722	135.385147
東郡家	ひがしこおげ	Higashi-Kōge		因美線	鳥取県	八頭町	35.428956	134.259994
東佐野	ひがしさの	Higashi-Sano	R43	阪和線	大阪府	泉佐野市	34.416236	135.349892
東新川	ひがししんかわ	Higashi-Shinkawa		宇部線	山口県	宇部市	33.9484	131.2569
東総社	ひがしそうじゃ	Higashi-Sōja	U09	吉備線	岡山県	総社市	34.677633	133.751436
東津山	ひがしつやま	Higashi-Tsuyama		姫新線	岡山県	津山市	35.058758	134.0314
東野尻	ひがしのじり	Higashi-Nojiri		城端線	富山県	砺波市	36.618739	136.94365
東萩	ひがしはぎ	Higashi-Hagi		山陰本線	山口県	萩市	34.417219	131.410308
東羽衣	ひがしはごろも	Higashi-Hagoromo		阪和線(羽衣線)	大阪府	高石市	34.535203	135.442678
東觜崎	ひがしはしさき	Higashi-Hashisaki		姫新線	兵庫県	たつの市	34.887944	134.557858
東浜	ひがしはま	Higashihama		山陰本線	鳥取県	岩美町	35.599719	134.362669
東姫路	ひがしひめじ	Higashi-Himeji	A84	山陽本線	兵庫県	姫路市	34.824361	134.712472
東広島	ひがしひろしま	Higashi-Hiroshima		山陽新幹線	広島県	東広島市	34.389361	132.759778
東福山	ひがしふくやま	Higashi-Fukuyama	W13	山陽本線	広島県	福山市	34.495189	133.405397
東舞鶴	ひがしまいづる	Higashi-Maizuru		舞鶴線	京都府	舞鶴市	35.468575	135.394794
東松江	ひがしまつえ	Higashi-Matsue		山陰本線	島根県	松江市	35.445397	133.128414
東美浜	ひがしみはま	Higashi-Mihama		小浜線	福井県	美浜町	35.614094	135.9859
東八尾	ひがしやつお	Higashi-Yatsuo		高山本線	富山県	富山市	36.589628	137.174986
東山公園	ひがしやまこうえん	Higashiyamakōen		山陰本線	鳥取県	米子市	35.430889	133.351444
東淀川	ひがしよどがわ	Higashi-Yodogawa	A45	東海道本線	大阪府	大阪市淀川区	34.739936	135.5046
光	ひかり	Hikari		山陽本線	山口県	光市	33.973686	131.914747
彦崎	ひこさき	Hikosaki	L09	宇野線	岡山県	岡山市南区	34.552072	133.835158
彦根	ひこね	Hikone	A13	東海道本線	滋賀県	彦根市	35.272206	136.263356
美章園	びしょうえん	Bishōen	R21	阪和線	大阪府	大阪市阿倍野区	34.638067	135.523964
備前一宮	びぜんいちのみや	Bizen-Ichinomiya	U04	吉備線	岡山県	岡山市北区	34.678903	133.864117
備前片岡	びぜんかたおか	Bizen-Kataoka	L10	宇野線	岡山県	岡山市南区	34.543778	133.862036
備前片上	びぜんかたかみ	Bizen-Katakami	N13	赤穂線	岡山県	備前市	34.748194	134.197056
備前田井	びぜんたい	Bizen-Tai	L14	宇野線	岡山県	玉野市	34.515833	133.943497
備前西市	びぜんにしいち	Bizen-Nishiichi	L03/M03	宇野線	岡山県	岡山市南区	34.631822	133.900181
備前原	びぜんはら	Bizen-Hara		津山線	岡山県	岡山市北区	34.704978	133.944894
備前福河	びぜんふくかわ	Bizen-Fukukawa		赤穂線	兵庫県	赤穂市	34.746783	134.331469
備前三門	びぜんみかど	Bizen-Mikado	U02	吉備線	岡山県	岡山市北区	34.667806	133.900433
備中川面	びっちゅうかわも	Bitchū-Kawamo	V14	伯備線	岡山県	高梁市	34.850053	133.588458
備中神代	びっちゅうこうじろ	Bitchū-Kōjiro		伯備線	岡山県	新見市	34.994583	133.400808
備中高梁	びっちゅうたかはし	Bitchū-Takahashi	V12	伯備線	岡山県	高梁市	34.788542	133.616069
備中高松	びっちゅうたかまつ	Bitchū-Takamatsu	U06	吉備線	岡山県	岡山市北区	34.686419	133.822247
備中広瀬	びっちゅうひろせ	Bitchū-Hirose	V11	伯備線	岡山県	高梁市	34.758522	133.606692
備中箕島	びっちゅうみしま	Bitchū-Mishima	L05/M05	宇野線	岡山県	岡山市南区	34.605692	133.850792
人丸	ひとまる	Hitomaru		山陰本線	山口県	長門市	34.374336	131.058047
日生	ひなせ	Hinase	N15	赤穂線	岡山県	備前市	34.734961	134.276667
日根野	ひねの	Hineno	R45/S45	阪和線	大阪府	泉佐野市	34.390131	135.331
日登	ひのぼり	Hinobori		木次線	島根県	雲南市	35.276439	132.9312
比婆山	ひばやま	Hibayama		芸備線	広島県	庄原市	34.966297	133.123236
氷見	ひみ	Himi		氷見線	富山県	氷見市	36.849508	136.990731
姫川	ひめかわ	Himekawa		大糸線	新潟県	糸魚川市	37.020358	137.860811
姫路	ひめじ	Himeji	A85	山陽本線・山陽新幹線	兵庫県	姫路市	34.82675	134.690917
ひめじ別所	ひめじべっしょ	Himeji-Bessho	A82	山陽本線	兵庫県	姫路市	34.805553	134.75325
兵庫	ひょうご	Hyōgo	A64	山陽本線	兵庫県	神戸市兵庫区	34.668378	135.164667
日吉	ひよし	Hiyoshi		山陰本線	京都府	南丹市	35.162853	135.5032
比良	ひら	Hira	B20	湖西線	滋賀県	大津市	35.220047	135.944342
平岩	ひらいわ	Hiraiwa		大糸線	新潟県	糸魚川市	36.88695	137.865478
平子	ひらこ	Hirako		芸備線	広島県	庄原市	34.912733	133.100186
平野	ひらの	Hirano	Q22	関西本線	大阪府	大阪市平野区	34.630736	135.551725
広	ひろ	Hiro	Y17	呉線	広島県	呉市	34.228581	132.628494
広川ビーチ	ひろかわびーち	Hirokawa-beach		紀勢本線	和歌山県	広川町	34.01285	135.163758
広島	ひろしま	Hiroshima	B01/G01/P01/R01/Y01	山陽本線・山陽新幹線	広島県	広島市南区	34.39775	132.475472
広野	ひろの	Hirono	G63	福知山線	兵庫県	三田市	34.928428	135.191275
日羽	ひわ	Hiwa	V09	伯備線	岡山県	総社市	34.715767	133.689833
備後赤坂	びんごあかさか	Bingo-Akasaka	X15	山陽本線	広島県	福山市	34.472122	133.305431
備後落合	びんごおちあい	Bingo-Ochiai		芸備線	広島県	庄原市	35.001197	133.148375
備後西城	びんごさいじょう	Bingo-Saijō		芸備線	広島県	庄原市	34.940381	133.119908
備後庄原	びんごしょうばら	Bingo-Shōbara		芸備線	広島県	庄原市	34.862231	133.016542
備後本庄	びんごほんじょう	Bingo-Honjō		福塩線	広島県	福山市	34.493314	133.345094
備後三川	びんごみかわ	Bingo-Mikawa		福塩線	広島県	世羅町	34.630253	133.110078
備後三日市	びんごみっかいち	Bingo-Mikkaichi		芸備線	広島県	庄原市	34.854561	132.998306
備後安田	びんごやすだ	Bingo-Yasuda		福塩線	広島県	三次市	34.741053	133.033728
備後矢野	びんごやの	Bingo-Yano		福塩線	広島県	府中市	34.664756	133.126064
備後八幡	びんごやわた	Bingo-Yawata		芸備線	広島県	庄原市	34.938192	133.232086
深溝	ふかみぞ	Fukamizo		宇部線	山口県	山口市	34.046989	131.371314
福井	ふくい	Fukui		北陸新幹線	福井県	福井市	36.062083	136.223333
福江	ふくえ	Fukue		山陰本線	山口県	下関市	34.047014	130.915539
福川	ふくがわ	Fukugawa		山陽本線	山口県	周南市	34.072189	131.738317
福崎	ふくさき	Fukusaki		播但線	兵庫県	福崎町	34.960544	134.750742
福島	ふくしま	Fukushima	O12	大阪環状線	大阪府	大阪市福島区	34.697128	135.486581
福知山	ふくちやま	Fukuchiyama		山陰本線	京都府	福知山市	35.295983	135.119033
福野	ふくの	Fukuno		城端線	富山県	南砺市	36.588533	136.923192
福部	ふくべ	Fukube		山陰本線	鳥取県	鳥取市	35.545228	134.2875
福光	ふくみつ	Fukumitsu		城端線	富山県	南砺市	36.558106	136.878153
福山	ふくやま	Fukuyama	W14/X14	山陽本線・山陽新幹線	広島県	福山市	34.489222	133.361556
福渡	ふくわたり	Fukuwatari		津山線	岡山県	岡山市北区	34.870522	133.903808
藤井	ふじい	Fujii		小浜線	福井県	若狭町	35.532053	135.906339
伏木	ふしき	Fushiki		氷見線	富山県	高岡市	36.791953	137.057939
藤阪	ふじさか	Fujisaka	H28	片町線	大阪府	枚方市	34.814392	135.702783
藤並	ふじなみ	Fujinami		紀勢本線	和歌山県	有田川町	34.057406	135.196669
富士見町	ふじみちょう	Fujimichō		境線	鳥取県	米子市	35.434808	133.336431
藤生	ふじゅう	Fujū		山陽本線	山口県	岩国市	34.112611	132.1987
二塚	ふたつか	Futatsuka		城端線	富山県	高岡市	36.714392	137.00615
淵垣	ふちがき	Fuchigaki		舞鶴線	京都府	綾部市	35.328211	135.294497
府中	ふちゅう	Fuchū		福塩線	広島県	府中市	34.571647	133.236022
婦中鵜坂	ふちゅううさか	Fuchū-Usaka		高山本線	富山県	富山市	36.678233	137.168953
船岡	ふなおか	Funaoka		山陰本線	京都府	南丹市	35.133464	135.491847
船戸	ふなと	Funato		和歌山線	和歌山県	岩出市	34.248489	135.311653
船平山	ふなひらやま	Funahirayama		山口線	山口県	山口市	34.421453	131.734164
船町口	ふなまちぐち	Funamachiguchi		加古川線	兵庫県	西脇市	35.063611	135.009833
古市	ふるいち	Furuichi	G67	福知山線	兵庫県	丹波篠山市	35.021928	135.15515
古市橋	ふるいちばし	Furuichibashi	B07	可部線	広島県	広島市安佐南区	34.450953	132.468308
戸坂	へさか	Hesaka	P03	芸備線	広島県	広島市東区	34.438125	132.491203
戸田	へた	Heta		山陽本線	山口県	周南市	34.072486	131.704269
弁天町	べんてんちょう	Bentenchō	O15	大阪環状線	大阪府	大阪市港区	34.669697	135.462231
法界院	ほうかいいん	Hōkaiin		津山線	岡山県	岡山市北区	34.685133	133.927486
宝木	ほうぎ	Hōgi		山陰本線	鳥取県	鳥取市	35.514097	134.082169
伯耆大山	ほうきだいせん	Hōki-Daisen		山陰本線	鳥取県	米子市	35.429456	133.383414
伯耆溝口	ほうきみぞぐち	Hōki-Mizoguchi		伯備線	鳥取県	伯耆町	35.348208	133.435358
方谷	ほうこく	Hōkoku	V15	伯備線	岡山県	高梁市	34.876758	133.556528
祝園	ほうその	Hōsono	H20	片町線	京都府	精華町	34.759967	135.791939
宝達	ほうだつ	Hōdatsu		七尾線	石川県	宝達志水町	36.820347	136.762286
宝殿	ほうでん	Hōden	A80	山陽本線	兵庫県	高砂市	34.784544	134.812431
防府	ほうふ	Hōfu		山陽本線	山口県	防府市	34.053436	131.568969
蓬莱	ほうらい	Hōrai	B22	湖西線	滋賀県	大津市	35.18235	135.914914
法隆寺	ほうりゅうじ	Hōryūji	Q32	関西本線	奈良県	斑鳩町	34.601625	135.739206
星田	ほしだ	Hoshida	H31	片町線	大阪府	交野市	34.767314	135.663608
布施屋	ほしや	Hoshiya		和歌山線	和歌山県	和歌山市	34.244503	135.262269
保津峡	ほづきょう	Hozukyō	E09	山陰本線	京都府	京都市西京区	35.023153	135.638889
本黒田	ほんくろだ	Hon-Kuroda		加古川線	兵庫県	西脇市	35.052792	134.996056
本郷	ほんごう	Hongō	G15	山陽本線	広島県	三原市	34.409933	132.986689
本竜野	ほんたつの	Hon-Tatsuno		姫新線	兵庫県	たつの市	34.861708	134.555575
本津幡	ほんつばた	Hon-Tsubata		七尾線	石川県	津幡町	36.676608	136.732086
本俣賀	ほんまたが	Hommataga		山口線	島根県	益田市	34.652608	131.82705
本由良	ほんゆら	Hon-Yura		山陽本線	山口県	山口市	34.032014	131.343647
舞子	まいこ	Maiko	A71	山陽本線	兵庫県	神戸市垂水区	34.633483	135.033772
米原	まいばら	Maibara	A12	東海道本線	滋賀県	米原市	35.314722	136.29
前空	まえぞら	Maezora	R11	山陽本線	広島県	廿日市市	34.301028	132.289417
マキノ	まきの	Makino	B12	湖西線	滋賀県	高島市	35.461286	136.059722
巻向	まきむく	Makimuku		桜井線	奈良県	桜井市	34.544867	135.841094
牧山	まきやま	Makiyama		津山線	岡山県	岡山市北区	34.740939	133.96075
真倉	まぐら	Magura		舞鶴線	京都府	舞鶴市	35.406953	135.326017
馬路	まじ	Maji		山陰本線	島根県	大田市	35.128036	132.387414
益田	ますだ	Masuda		山陰本線	島根県	益田市	34.678297	131.838944
松井山手	まついやまて	Matsuiyamate	H26	片町線	京都府	京田辺市	34.833075	135.727536
松江	まつえ	Matsue		山陰本線	島根県	松江市	35.464053	133.063681
松崎	まつざき	Matsuzaki		山陰本線	鳥取県	湯梨浜町	35.468786	133.901989
松永	まつなが	Matsunaga	X16	山陽本線	広島県	福山市	34.450881	133.258558
松尾寺	まつのおでら	Matsunoodera		小浜線	京都府	舞鶴市	35.485733	135.451
万能倉	まなぐら	Managura		福塩線	広島県	福山市	34.551075	133.338139
摩耶	まや	Maya	A59	東海道本線	兵庫県	神戸市灘区	34.708667	135.225167
丸尾	まるお	Maruo		宇部線	山口県	宇部市	33.970261	131.336739
万富	まんとみ	Mantomi	S07	山陽本線	岡山県	岡山市東区	34.758428	134.080514
三井野原	みいのはら	Miinohara		木次線	島根県	奥出雲町	35.091292	133.116317
三浦	みうら	Miura		因美線	岡山県	津山市	35.141683	134.078033
三方	みかた	Mikata		小浜線	福井県	若狭町	35.555347	135.909467
三日月	みかづき	Mikazuki		姫新線	兵庫県	佐用町	34.984808	134.4353
三国ケ丘	みくにがおか	Mikunigaoka	R29	阪和線	大阪府	堺市堺区	34.565264	135.492792
三雲	みくも	Mikumo		草津線	滋賀県	湖南市	34.983244	136.117506
御来屋	みくりや	Mikuriya		山陰本線	鳥取県	大山町	35.512203	133.503036
水尻	みずしり	Mizushiri	Y07	呉線	広島県	坂町	34.319992	132.498997
溝口	みぞぐち	Mizoguchi		播但線	兵庫県	姫路市	34.928183	134.742467
三滝	みたき	Mitaki	B04	可部線	広島県	広島市西区	34.417178	132.447303
三谷	みたに	Mitani		山口線	山口県	山口市	34.341761	131.624489
道上	みちのうえ	Michinoue		福塩線	広島県	福山市	34.553461	133.361617
三石	みついし	Mitsuishi	S11	山陽本線	岡山県	備前市	34.804528	134.275425
三松	みつまつ	Mitsumatsu		小浜線	福井県	高浜町	35.488831	135.520578
御幣島	みてじま	Mitejima	H47	JR東西線	大阪府	大阪市西淀川区	34.712589	135.455681
緑井	みどりい	Modorii	B09	可部線	広島県	広島市安佐南区	34.467158	132.475722
美袋	みなぎ	Minagi	V10	伯備線	岡山県	総社市	34.719903	133.654397
南部	みなべ	Minabe		紀勢本線	和歌山県	みなべ町	33.767128	135.324628
南岩国	みなみいわくに	Minami-Iwakuni		山陽本線	山口県	岩国市	34.135353	132.205994
南大嶺	みなみおおみね	Minami-Ōmine		美祢線	山口県	美祢市	34.161553	131.185081
南小谷	みなみおたり	Minami-Otari		大糸線	長野県	小谷村	36.774633	137.908336
南小野田	みなみおのだ	Minami-Onoda		小野田線	山口県	山陽小野田市	33.977419	131.175022
南草津	みなみくさつ	Minami-Kusatsu	A25	東海道本線	滋賀県	草津市	35.00375	135.947281
南宍道	みなみしんじ	Minami-Shinji		木次線	島根県	松江市	35.379906	132.918617
南吹田	みなみすいた	Minami-Suita	F03	おおさか東線	大阪府	吹田市	34.749444	135.51125
南大東	みなみだいとう	Minami-Daitō		木次線	島根県	雲南市	35.308008	132.928181
南田辺	みなみたなべ	Minami-Tanabe	R22	阪和線	大阪府	大阪市東住吉区	34.625672	135.520644
南中川	みなみなかがわ	Minami-Nakagawa		小野田線	山口県	山陽小野田市	33.986944	131.178269
南羽咋	みなみはくい	Minami-Hakui		七尾線	石川県	羽咋市	36.870833	136.774756
南彦根	みなみひこね	Minami-Hikone	A14	東海道本線	滋賀県	彦根市	35.246144	136.247947
南矢代	みなみやしろ	Minami-Yashiro	G68	福知山線	兵庫県	丹波篠山市	35.037578	135.174803
美祢	みね	Mine		美祢線	山口県	美祢市	34.169181	131.204358
箕島	みのしま	Minoshima		紀勢本線	和歌山県	有田市	34.086017	135.12455
美浜	みはま	Mihama		小浜線	福井県	美浜町	35.605142	135.936653
三原	みはら	Mihara	G16/X20/Y31	山陽本線・山陽新幹線	広島県	三原市	34.400667	133.083194
三保三隅	みほみすみ	Miho-Misumi		山陰本線	島根県	浜田市	34.795811	131.956208
美作江見	みまさかえみ	Mimasaka-Emi		姫新線	岡山県	美作市	35.013403	134.219753
美作追分	みまさかおいわけ	Mimasaka-Oiwake		姫新線	岡山県	真庭市	35.058858	133.820036
美作大崎	みまさかおおさき	Mimasaka-Ōsaki		姫新線	岡山県	津山市	35.045314	134.067481
美作落合	みまさかおちあい	Mimasaka-Ochiai		姫新線	岡山県	真庭市	35.023194	133.759653
美作加茂	みまさかかも	Mimasaka-Kamo		因美線	岡山県	津山市	35.169533	134.062167
美作河井	みまさかかわい	Mimasaka-Kawai		因美線	岡山県	津山市	35.205375	134.106992
美作千代	みまさかせんだい	Mimasaka-Sendai		姫新線	岡山県	津山市	35.058311	133.9062
美作滝尾	みまさかたきお	Mimasaka-Takio		因美線	岡山県	津山市	35.123622	134.071325
美作土居	みまさかどい	Mimasaka-Doi		姫新線	岡山県	美作市	34.995078	134.259908
宮内串戸	みやうちくしど	Miyauchi-Kushido	R08	山陽本線	広島県	廿日市市	34.347942	132.323706
宮島口	みやじまぐち	Miyajimaguchi	R10	山陽本線	広島県	廿日市市	34.312033	132.302964
宮野	みやの	Miyano		山口線	山口県	山口市	34.191408	131.498386
美山	みやま	Miyama		越美北線	福井県	福井市	35.998686	136.364989
宮前	みやまえ	Miyamae		紀勢本線	和歌山県	和歌山市	34.213114	135.187969
妙寺	みょうじ	Myōji		和歌山線	和歌山県	かつらぎ町	34.298519	135.517269
三次	みよし	Miyoshi		芸備線	広島県	三次市	34.802861	132.855944
三良坂	みらさか	Mirasaka		福塩線	広島県	三次市	34.766158	132.957558
見老津	みろづ	Mirozu		紀勢本線	和歌山県	すさみ町	33.515611	135.575542
三輪	みわ	Miwa		桜井線	奈良県	桜井市	34.527164	135.848425
三輪崎	みわさき	Miwasaki		紀勢本線	和歌山県	新宮市	33.689453	135.984869
向洋	むかいなだ	Mukainada	G03/Y03	山陽本線	広島県	府中町	34.376583	132.505889
向原	むかいはら	Mukaihara		芸備線	広島県	安芸高田市	34.615214	132.719883
武庫	むこ	Muko		伯備線	鳥取県	江府町	35.267397	133.476833
向日町	むこうまち	Mukōmachi	A34	東海道本線	京都府	向日市	34.954936	135.7096
六十谷	むそた	Musota	R52	阪和線	和歌山県	和歌山市	34.262486	135.207067
目出	めで	Mede		小野田線	山口県	山陽小野田市	33.996661	131.183536
免田	めんでん	Menden		七尾線	石川県	宝達志水町	36.795814	136.747517
百舌鳥	もず	Mozu	R30	阪和線	大阪府	堺市堺区	34.558061	135.488608
用瀬	もちがせ	Mochigase		因美線	鳥取県	鳥取市	35.343506	134.205036
元町	もとまち	Motomachi	A62	東海道本線	兵庫県	神戸市中央区	34.689567	135.187372
桃谷	ももだに	Momodani	O03	大阪環状線	大阪府	大阪市天王寺区	34.65855	135.527892
桃山	ももやま	Momoyama	D05	奈良線	京都府	京都市伏見区	34.932617	135.771111
森ノ宮	もりのみや	Morinomiya	O06	大阪環状線	大阪府	大阪市中央区	34.6811	135.533844
守山	もりやま	Moriyama	A22	東海道本線	滋賀県	守山市	35.050419	135.995678
諸寄	もろよせ	Moroyose		山陰本線	兵庫県	新温泉町	35.619497	134.434336
八尾	やお	Yao	Q25	関西本線	大阪府	八尾市	34.617089	135.596975
矢賀	やが	Yaga	P02	芸備線	広島県	広島市東区	34.398917	132.497258
矢神	やがみ	Yagami		芸備線	岡山県	新見市	34.943403	133.332811
八川	やかわ	Yakawa		木次線	島根県	奥出雲町	35.149261	133.089483
八木	やぎ	Yagi	E14	山陰本線	京都府	南丹市	35.069047	135.531914
厄神	やくじん	Yakujin		加古川線	兵庫県	加古川市	34.794672	134.9068
社町	やしろちょう	Yashirochō		加古川線	兵庫県	加東市	34.920222	134.934708
野洲	やす	Yasu	A21	東海道本線	滋賀県	野洲市	35.06855	136.022706
安浦	やすうら	Yasuura	Y21	呉線	広島県	呉市	34.283828	132.744717
安岡	やすおか	Yasuoka		山陰本線	山口県	下関市	34.024844	130.916594
安来	やすぎ	Yasugi		山陰本線	島根県	安来市	35.428197	133.259114
八次	やつぎ	Yatsugi		芸備線	広島県	三次市	34.802375	132.878911
柳井	やない	Yanai		山陽本線	山口県	柳井市	33.9659	132.106169
柳井港	やないみなと	Yanaiminato		山陽本線	山口県	柳井市	33.958189	132.133889
柳本	やなぎもと	Yanagimoto		桜井線	奈良県	天理市	34.55925	135.838683
梁瀬	やなせ	Yanase		山陰本線	兵庫県	朝来市	35.322786	134.880706
矢野	やの	Yano	Y05	呉線	広島県	広島市安芸区	34.352161	132.532025
八橋	やばせ	Yabase		山陰本線	鳥取県	琴浦町	35.503283	133.673656
矢原	やばら	Yabara		山口線	山口県	山口市	34.150436	131.445694
養父	やぶ	Yabu		山陰本線	兵庫県	養父市	35.370931	134.81175
山家	やまが	Yamaga		山陰本線	京都府	綾部市	35.29375	135.318583
山口	やまぐち	Yamaguchi		山口線	山口県	山口市	34.172647	131.480714
山崎	やまざき	Yamazaki	A36	東海道本線	京都府	大山崎町	34.8922	135.679878
山科	やましな	Yamashina	A30/B30	東海道本線	京都府	京都市山科区	34.992336	135.817083
山城青谷	やましろあおだに	Yamashiro-Aodani	D14	奈良線	京都府	城陽市	34.828472	135.799922
山城多賀	やましろたが	Yamashiro-Taga	D15	奈良線	京都府	井手町	34.817875	135.806044
大和小泉	やまとこいずみ	Yamato-Koizumi	Q33	関西本線	奈良県	大和郡山市	34.622403	135.763625
大和新庄	やまとしんじょう	Yamato-Shinjō		和歌山線	奈良県	葛城市	34.488611	135.735839
大和二見	やまとふたみ	Yamato-Futami		和歌山線	奈良県	五條市	34.345981	135.684564
山中渓	やまなかだに	Yamanakadani	R50	阪和線	大阪府	阪南市	34.326061	135.270172
山ノ内	やまのうち	Yamanouchi		芸備線	広島県	庄原市	34.829933	132.957825
湯浅	ゆあさ	Yuasa		紀勢本線	和歌山県	湯浅町	34.03195	135.179519
由宇	ゆう	Yū		山陽本線	山口県	岩国市	34.043153	132.213486
湯川	ゆかわ	Yukawa		紀勢本線	和歌山県	那智勝浦町	33.609517	135.924906
油木	ゆき	Yuki		木次線	広島県	庄原市	35.044536	133.119336
弓削	ゆげ	Yuge		津山線	岡山県	久米南町	34.925508	133.957839
湯里	ゆさと	Yusato		山陰本線	島根県	大田市	35.106492	132.375547
湯田温泉	ゆだおんせん	Yudaonsen		山口線	山口県	山口市	34.159794	131.460131
湯玉	ゆたま	Yutama		山陰本線	山口県	下関市	34.209061	130.932411
湯田村	ゆだむら	Yudamura		福塩線	広島県	福山市	34.551944	133.370992
ユニバーサルシティ	ゆにばーさるしてぃ	Universal-city	P16	桜島線	大阪府	大阪市此花区	34.667842	135.438594
温泉津	ゆのつ	Yunotsu		山陰本線	島根県	大田市	35.091517	132.350372
湯ノ峠	ゆのとう	Yunotō		美祢線	山口県	山陽小野田市	34.085606	131.172581
弓ケ浜	ゆみがはま	Yumigahama		境線	鳥取県	米子市	35.467011	133.288361
由良	ゆら	Yura		山陰本線	鳥取県	北栄町	35.490217	133.754417
八鹿	ようか	Yōka		山陰本線	兵庫県	養父市	35.414381	134.781447
余呉	よご	Yogo	A04	北陸本線	滋賀県	長浜市	35.533842	136.198067
横尾	よこお	Yokoo		福塩線	広島県	福山市	34.521647	133.363381
横川	よこがわ	Yokogawa	B03/R03	山陽本線	広島県	広島市西区	34.409903	132.450144
横山	よこやま	Yokoyama		七尾線	石川県	かほく市	36.747586	136.716844
吉浦	よしうら	Yoshiura	Y12	呉線	広島県	呉市	34.2579	132.527164
良川	よしかわ	Yoshikawa		七尾線	石川県	中能登町	36.97665	136.894542
吉田口	よしだぐち	Yoshidaguchi		芸備線	広島県	安芸高田市	34.664769	132.745653
吉富	よしとみ	Yoshitomi	E15	山陰本線	京都府	南丹市	35.092183	135.498725
吉名	よしな	Yoshina	Y24	呉線	広島県	竹原市	34.320617	132.866175
吉永	よしなが	Yoshinaga	S10	山陽本線	岡山県	備前市	34.812417	134.204597
吉野口	よしのぐち	Yoshinoguchi		和歌山線	奈良県	御所市	34.420558	135.750653
吉見	よしみ	Yoshimi		山陰本線	山口県	下関市	34.070164	130.903322
四辻	よつつじ	Yotsutsuji		山陽本線	山口県	山口市	34.079889	131.447922
淀江	よどえ	Yodoe		山陰本線	鳥取県	米子市	35.456994	133.429667
米子	よなご	Yonago		山陰本線	鳥取県	米子市	35.423439	133.336722
米子空港	よなごくうこう	Yonago-airport		境線	鳥取県	米子市	35.502008	133.247814
米川	よねかわ	Yonekawa		岩徳線	山口県	岩国市	34.074547	132.014508
余部	よべ	Yobe		姫新線	兵庫県	姫路市	34.856494	134.642783
鎧	よろい	Yoroi		山陰本線	兵庫県	香美町	35.651761	134.575047
栗東	りっとう	Rittō	A23	東海道本線	滋賀県	栗東市	35.037378	135.979947
りんくうタウン	りんくうたうん	Rinkū-town	S46	関西空港線	大阪府	泉佐野市	34.410456	135.299892
六地蔵	ろくじぞう	Rokujizō	D06	奈良線	京都府	宇治市	34.932778	135.797336
六条	ろくじょう	Rokujō		越美北線	福井県	福井市	36.028108	136.239739
六甲道	ろっこうみち	Rokkōmichi	A58	東海道本線	兵庫県	神戸市灘区	34.714989	135.238508
若狭有田	わかさありた	Wakasa-Arita		小浜線	福井県	若狭町	35.48565	135.868317
若狭高浜	わかさたかはま	Wakasa-Takahama		小浜線	福井県	高浜町	35.486411	135.547514
若狭本郷	わかさほんごう	Wakasa-Hongō		小浜線	福井県	おおい町	35.482675	135.619308
若狭和田	わかさわだ	Wakasa-Wada		小浜線	福井県	高浜町	35.488847	135.58115
和歌山	わかやま	Wakayama	R54	紀勢本線	和歌山県	和歌山市	34.232097	135.191192
和歌山市	わかやまし	Wakayamashi		紀勢本線	和歌山県	和歌山市	34.236433	135.166925
和木	わき	Waki	R15	山陽本線	山口県	和木町	34.204136	132.227636
掖上	わきがみ	Wakigami		和歌山線	奈良県	御所市	34.4525	135.763
和倉温泉	わくらおんせん	Wakuraonsen		七尾線	石川県	七尾市	37.075028	136.925481
和気	わけ	Wake	S09	山陽本線	岡山県	和気町	34.797311	134.152617
和佐	わさ	Wasa		紀勢本線	和歌山県	日高川町	33.897453	135.207222
和田浜	わだはま	Wadahama		境線	鳥取県	米子市	35.480722	133.265653
和田岬	わだみさき	Wadamisaki		山陽本線(和田岬支線)	兵庫県	神戸市兵庫区	34.656878	135.174686
和田山	わだやま	Wadayama		山陰本線	兵庫県	朝来市	35.341167	134.851847
渡川	わたりがわ	Watarigawa		山口線	山口県	山口市	34.323042	131.604281
和知	わち	Wachi		山陰本線	京都府	京丹波町	35.261067	135.399131
和邇	わに	Wani	B23	湖西線	滋賀県	大津市	35.162064	135.922158
和深	わぶか	Wabuka		紀勢本線	和歌山県	串本町	33.501194	135.654939